price,bathrooms,bedrooms,listing_type,area_sqft,zip_code
374900.0,1.0,0.0,1,744.0,92101
269900.0,1.0,0.0,1,480.0,92026
509000.0,1.0,0.0,1,519.0,95110
279900.0,1.0,0.0,4,311.0,92101
99900.0,1.0,0.0,3,240.0,92024
109500.0,1.0,0.0,3,240.0,92024
575000.0,1.0,0.0,1,750.0,95113
324999.0,1.0,0.0,1,462.0,92101
580000.0,1.0,0.0,1,683.0,95113
400000.0,1.0,0.0,1,718.0,92101
329999.0,1.0,0.0,1,461.0,92103
419000.0,1.0,1.0,1,535.0,92103
416000.0,1.0,1.0,1,658.0,95128
514888.0,1.0,1.0,1,845.0,92101
579950.0,1.0,1.0,1,808.0,95126
69900.0,1.0,1.0,3,756.0,92027
219000.0,1.0,1.0,4,378.0,92104
99500.0,1.0,1.0,3,729.0,92025
414900.0,1.0,1.0,1,671.0,92101
160000.0,1.0,1.0,3,379.0,92024
399000.0,1.0,1.0,1,816.0,92110
565000.0,1.0,1.0,0,700.0,92109
515000.0,1.0,1.0,1,665.0,95110
400000.0,1.0,1.0,1,831.0,92128
599000.0,1.0,1.0,1,876.0,95110
398000.0,1.0,1.0,0,1050.0,92128
565000.0,1.0,1.0,1,748.0,92130
520000.0,1.0,1.0,1,708.0,92014
265000.0,1.0,1.0,1,551.0,92105
599800.0,1.0,1.0,1,719.0,95131
490000.0,1.0,1.0,1,870.0,92101
470000.0,1.0,1.0,1,736.0,95122
469000.0,1.0,1.0,1,658.0,95128
335000.0,1.0,1.0,1,604.0,92126
379000.0,1.0,1.0,1,667.0,92101
420000.0,2.0,1.0,1,842.0,92009
454995.0,1.0,1.0,1,704.0,92122
449500.0,1.0,1.0,1,1035.0,92101
469000.0,1.0,1.0,1,788.0,92101
144400.0,1.0,1.0,3,550.0,92024
424900.0,1.0,1.0,1,726.0,92101
349000.0,1.0,1.0,0,664.0,92108
430000.0,1.0,1.0,0,704.0,92122
699000.0,1.0,1.0,1,953.0,95110
599000.0,1.0,1.0,1,663.0,95110
795000.0,1.0,1.0,1,736.0,95128
869900.0,1.0,1.0,1,697.0,92109
359900.0,1.0,1.0,1,551.0,92116
525000.0,1.0,1.0,1,845.0,92101
419000.0,1.0,1.0,1,658.0,95128
449000.0,1.0,1.0,1,544.0,95117
645000.0,2.0,1.0,1,821.0,92101
489000.0,1.0,1.0,1,704.0,92122
448000.0,1.0,1.0,1,724.0,95135
147000.0,1.0,1.0,3,546.0,95116
779000.0,1.0,1.0,1,819.0,95110
425000.0,1.0,1.0,1,814.0,92128
545000.0,1.0,1.0,1,733.0,95110
539000.0,1.0,1.0,1,713.0,92037
199999.0,1.0,1.0,3,624.0,92026
264900.0,1.0,1.0,1,558.0,92115
536000.0,1.0,1.0,1,638.0,92130
668000.0,1.0,1.0,1,899.0,95113
475000.0,2.0,1.0,4,756.0,92027
424900.0,1.0,1.0,4,756.0,92101
1245000.0,1.0,1.0,1,812.0,92014
225000.0,1.0,1.0,3,900.0,92024
329000.0,1.0,1.0,1,530.0,92108
289900.0,1.0,1.0,1,431.0,92101
465000.0,1.0,1.0,1,735.0,92101
365000.0,1.0,1.0,1,675.0,92108
529000.0,1.0,1.0,1,621.0,95110
164999.0,1.0,1.0,3,480.0,95125
975000.0,1.0,1.0,4,688.0,95127
470000.0,1.0,1.0,4,661.0,92101
39950.0,1.0,1.0,3,373.0,95138
588888.0,2.0,1.0,1,810.0,95113
272250.0,1.0,1.0,1,650.0,92105
525000.0,1.0,1.0,4,684.0,92104
449000.0,1.0,1.0,1,535.0,92122
485000.0,1.0,1.0,1,765.0,92109
340000.0,1.0,1.0,1,616.0,92108
570000.0,1.0,1.0,1,914.0,95110
479000.0,1.0,1.0,1,807.0,92101
275000.0,1.0,1.0,1,550.0,92115
399000.0,1.0,1.0,1,692.0,92122
59900.0,1.0,1.0,3,355.0,95138
375000.0,1.0,1.0,1,620.0,92104
490000.0,1.0,1.0,1,744.0,95123
149500.0,1.0,1.0,3,480.0,92024
599000.0,1.0,1.0,4,675.0,92116
435000.0,1.0,1.0,1,554.0,92122
360000.0,1.0,1.0,1,594.0,92102
589000.0,2.0,1.0,1,1207.0,92009
649900.0,2.0,1.0,1,1273.0,92101
329900.0,1.0,1.0,1,640.0,92116
548000.0,2.0,1.0,1,1004.0,95122
400000.0,1.0,1.0,1,641.0,92103
445000.0,2.0,1.0,1,854.0,92110
439000.0,1.0,1.0,1,672.0,92117
416000.0,1.0,1.0,1,650.0,92024
160000.0,1.0,1.0,3,774.0,92111
419999.0,1.0,1.0,1,633.0,95116
449000.0,1.0,1.0,1,699.0,92101
170000.0,1.0,1.0,3,516.0,95125
674900.0,2.0,2.0,1,1078.0,92101
779000.0,3.0,2.0,1,1282.0,92101
269000.0,2.0,2.0,3,1440.0,95128
774999.0,2.0,2.0,4,1008.0,92126
578800.0,2.0,2.0,1,922.0,95128
499900.0,3.0,2.0,0,1219.0,92154
99900.0,2.0,2.0,3,900.0,95125
395000.0,2.0,2.0,3,1820.0,92026
488000.0,2.0,2.0,1,955.0,95127
799000.0,2.0,2.0,1,1412.0,92103
515900.0,2.0,2.0,1,866.0,92126
886000.0,2.0,2.0,1,1371.0,95131
818000.0,2.0,2.0,1,986.0,95128
699000.0,2.0,2.0,4,1311.0,92120
959900.0,2.0,2.0,0,1338.0,92101
779000.0,3.0,2.0,8,1042.0,95133
399500.0,1.0,2.0,1,882.0,92129
249000.0,2.0,2.0,3,1440.0,95123
875000.0,3.0,2.0,8,1130.0,95134
506900.0,2.0,2.0,1,1035.0,92120
780000.0,3.0,2.0,1,1353.0,95125
995000.0,2.0,2.0,6,1215.0,92104
254900.0,2.0,2.0,3,1632.0,92011
599900.0,1.0,2.0,1,648.0,92116
530000.0,2.0,2.0,1,918.0,95111
678000.0,1.0,2.0,1,907.0,95110
525000.0,2.0,2.0,3,1960.0,92026
489000.0,2.0,2.0,3,1440.0,92010
899000.0,3.0,2.0,1,1328.0,92102
1395000.0,1.0,2.0,4,984.0,92106
287500.0,2.0,2.0,3,1440.0,92011
238888.0,2.0,2.0,3,1120.0,95111
1398898.0,1.0,2.0,4,1208.0,95126
629000.0,2.0,2.0,1,910.0,92116
839000.0,2.0,2.0,1,1662.0,95112
848888.0,2.0,2.0,1,1622.0,95112
929900.0,3.0,2.0,1,1704.0,92008
575000.0,2.0,2.0,1,955.0,95112
700000.0,2.0,2.0,1,984.0,95118
365000.0,1.0,2.0,1,700.0,92115
798000.0,2.0,2.0,1,986.0,95128
429900.0,1.0,2.0,4,824.0,92108
789000.0,3.0,2.0,8,1013.0,95118
429900.0,2.0,2.0,3,2176.0,92026
439000.0,1.0,2.0,1,810.0,92129
419000.0,1.0,2.0,1,836.0,92119
375000.0,1.0,2.0,1,748.0,92115
829000.0,2.0,2.0,1,1662.0,95112
179000.0,2.0,2.0,3,1440.0,95125
648000.0,2.0,2.0,1,998.0,95124
349000.0,2.0,2.0,0,900.0,92105
179000.0,1.0,2.0,3,780.0,92011
475000.0,2.0,2.0,1,907.0,92128
564900.0,2.0,2.0,1,1106.0,92101
328000.0,2.0,2.0,3,1440.0,95148
629000.0,2.0,2.0,1,1199.0,92009
800000.0,1.0,2.0,4,910.0,92116
350000.0,2.0,2.0,3,1140.0,92026
879900.0,2.0,2.0,1,1002.0,92037
210000.0,2.0,2.0,3,1260.0,92117
685000.0,2.0,2.0,1,1364.0,92117
750000.0,3.0,2.0,8,1124.0,95132
167500.0,2.0,2.0,3,1040.0,92111
679950.0,1.0,2.0,4,800.0,95112
349900.0,2.0,2.0,1,954.0,92025
543000.0,2.0,2.0,1,912.0,95122
634000.0,2.0,2.0,1,871.0,95110
727000.0,3.0,2.0,1,1351.0,95136
375000.0,1.0,2.0,1,771.0,92111
499900.0,2.0,2.0,1,881.0,92129
899900.0,1.0,2.0,4,816.0,92102
598000.0,2.0,2.0,1,1011.0,95112
275000.0,2.0,2.0,3,1392.0,92026
688000.0,2.0,2.0,1,984.0,95118
499000.0,2.0,2.0,4,1161.0,92115
557700.0,2.0,2.0,1,890.0,95133
899000.0,3.0,2.0,8,1376.0,95136
769000.0,1.0,2.0,4,672.0,92104
369000.0,2.0,2.0,1,966.0,92154
529900.0,2.0,2.0,1,900.0,92009
549000.0,1.0,2.0,4,832.0,92113
1345000.0,2.0,2.0,4,1396.0,92037
599000.0,2.0,2.0,1,1061.0,92103
499000.0,2.0,2.0,3,1464.0,92010
519000.0,2.0,2.0,1,838.0,92116
589950.0,2.0,2.0,1,824.0,95118
345000.0,2.0,2.0,1,1275.0,92106
264900.0,2.0,2.0,3,936.0,95125
490000.0,1.0,2.0,1,798.0,95123
549000.0,2.0,2.0,4,792.0,92113
899000.0,2.0,2.0,8,1450.0,95112
1350000.0,2.0,2.0,4,1241.0,92101
1690000.0,3.0,2.0,7,2215.0,92008
1345000.0,3.0,2.0,8,1976.0,92009
275900.0,1.0,2.0,1,1140.0,92026
199000.0,2.0,2.0,3,1440.0,95136
299999.0,1.0,2.0,1,813.0,92105
898000.0,1.0,2.0,4,1027.0,95112
725000.0,2.0,2.0,1,1027.0,92011
1600000.0,2.0,2.0,1,1344.0,92037
1599000.0,2.0,2.0,6,1914.0,92107
560000.0,2.0,2.0,3,1467.0,92026
580000.0,3.0,2.0,1,1130.0,92120
898000.0,3.0,2.0,8,1105.0,95130
599000.0,2.0,2.0,8,1209.0,92128
489000.0,1.0,2.0,1,798.0,95123
1519000.0,3.0,2.0,8,1561.0,92024
369990.0,2.0,2.0,3,1320.0,92026
675000.0,3.0,2.0,4,1032.0,92103
1325000.0,2.0,2.0,1,1556.0,92101
259000.0,2.0,2.0,3,1464.0,95134
650000.0,3.0,2.0,1,1392.0,92009
89900.0,2.0,2.0,3,1440.0,92154
615000.0,3.0,2.0,1,1068.0,92124
699000.0,2.0,2.0,4,828.0,92101
450000.0,3.0,2.0,1,1285.0,92154
1375000.0,3.0,2.0,4,1395.0,92037
885000.0,2.0,2.0,8,1371.0,95131
159900.0,1.0,2.0,3,784.0,95134
79999.0,2.0,2.0,3,1200.0,92027
125000.0,2.0,2.0,3,576.0,92024
355000.0,2.0,2.0,1,959.0,92027
798000.0,2.0,2.0,1,1929.0,92009
899000.0,1.0,2.0,4,1156.0,95112
385000.0,2.0,2.0,1,890.0,92115
998900.0,2.0,2.0,1,1240.0,92101
788888.0,2.0,2.0,1,843.0,95121
765000.0,1.0,2.0,4,1174.0,95116
780000.0,2.0,2.0,0,1614.0,92128
598000.0,2.0,2.0,8,950.0,95123
550000.0,2.0,2.0,1,976.0,92110
599000.0,2.0,2.0,1,1274.0,92108
530000.0,2.0,2.0,1,918.0,95111
950000.0,2.0,2.0,1,1371.0,92101
239900.0,2.0,2.0,3,960.0,95134
675000.0,3.0,2.0,1,1234.0,92009
429900.0,2.0,2.0,1,874.0,92111
1699900.0,3.0,2.0,8,1900.0,92024
888000.0,2.0,2.0,8,1241.0,95118
674900.0,2.0,2.0,1,1536.0,92009
674000.0,2.0,2.0,1,1328.0,92128
988000.0,3.0,2.0,1,1213.0,95131
545000.0,2.0,2.0,1,1240.0,95135
625000.0,1.0,2.0,1,942.0,95123
899000.0,2.0,2.0,4,689.0,92103
692900.0,2.0,2.0,4,1090.0,92120
700000.0,1.0,2.0,4,1175.0,92120
789000.0,2.0,2.0,1,986.0,95128
370000.0,1.0,2.0,1,738.0,92139
578000.0,1.0,2.0,4,938.0,92105
99900.0,2.0,2.0,3,1440.0,92154
599000.0,3.0,2.0,1,1334.0,92108
232500.0,2.0,2.0,0,1145.0,92011
559900.0,2.0,2.0,1,1036.0,92128
890000.0,2.0,2.0,1,876.0,92007
185000.0,1.0,2.0,3,950.0,92117
525000.0,2.0,2.0,0,899.0,92127
998000.0,2.0,2.0,4,984.0,95123
725000.0,1.0,2.0,4,1042.0,92120
710000.0,3.0,2.0,8,1306.0,92103
245000.0,2.0,2.0,3,992.0,92026
689000.0,2.0,2.0,1,1208.0,92009
540900.0,2.0,2.0,4,1054.0,92026
799800.0,2.0,2.0,1,1421.0,95112
1749000.0,3.0,2.0,1,1375.0,92008
535000.0,2.0,2.0,1,918.0,95111
399999.0,2.0,2.0,1,973.0,92119
1345000.0,2.0,2.0,8,1149.0,95129
170000.0,2.0,2.0,3,1200.0,95134
249900.0,2.0,2.0,4,972.0,95125
174900.0,2.0,2.0,3,860.0,92154
568000.0,2.0,2.0,1,1024.0,95122
750000.0,2.0,2.0,4,1008.0,92126
247000.0,2.0,2.0,3,880.0,95138
660000.0,3.0,2.0,1,1411.0,92009
598900.0,2.0,2.0,1,1114.0,92126
599900.0,3.0,2.0,8,1618.0,92120
549750.0,2.0,2.0,1,1037.0,92101
529000.0,2.0,2.0,1,783.0,92104
699888.0,3.0,2.0,1,1173.0,95008
967900.0,2.0,2.0,1,1324.0,92101
299000.0,1.0,2.0,0,504.0,92024
499888.0,1.0,2.0,1,959.0,95123
925000.0,2.0,2.0,6,1326.0,92104
619900.0,1.0,2.0,4,1092.0,92105
749000.0,3.0,2.0,8,1104.0,95136
659000.0,2.0,2.0,1,900.0,92024
549900.0,2.0,2.0,1,855.0,92104
465000.0,1.0,2.0,1,876.0,95122
859000.0,2.0,2.0,6,1645.0,92025
415000.0,2.0,2.0,1,1178.0,92025
165000.0,2.0,2.0,3,672.0,95116
528000.0,1.0,2.0,1,798.0,95118
549000.0,1.0,2.0,4,784.0,92113
945000.0,2.0,2.0,1,1668.0,95136
519000.0,2.0,2.0,1,831.0,92126
599999.0,1.0,2.0,8,903.0,95124
924900.0,2.0,2.0,4,1276.0,92127
1225000.0,2.0,2.0,1,1353.0,92109
599999.0,1.0,2.0,8,903.0,95124
249000.0,2.0,2.0,3,1152.0,95123
1550000.0,3.0,2.0,1,1513.0,95128
320000.0,1.0,2.0,1,864.0,92027
799000.0,2.0,2.0,8,1168.0,95136
688000.0,2.0,2.0,1,934.0,95132
789000.0,2.0,2.0,8,1008.0,95125
788000.0,2.0,2.0,1,1191.0,92101
319999.0,2.0,2.0,1,900.0,92105
619900.0,2.0,2.0,1,944.0,92130
999888.0,2.0,2.0,4,1376.0,95112
239000.0,2.0,2.0,3,1080.0,95125
269000.0,2.0,2.0,3,1998.0,95125
928000.0,1.0,2.0,4,845.0,95112
610000.0,2.0,2.0,1,1040.0,92128
850000.0,3.0,2.0,1,1856.0,92009
1100000.0,2.0,2.0,4,1101.0,92110
599000.0,2.0,2.0,1,840.0,92103
624999.0,2.0,2.0,1,1187.0,92108
640000.0,2.0,2.0,1,1110.0,92109
514900.0,2.0,2.0,1,949.0,92102
99000.0,2.0,2.0,3,960.0,92027
925000.0,2.0,2.0,1,1423.0,92101
925000.0,2.0,2.0,1,1195.0,95126
329000.0,2.0,2.0,3,1440.0,95148
999000.0,1.0,2.0,4,1010.0,95125
629000.0,2.0,2.0,1,864.0,92130
499000.0,1.0,2.0,1,798.0,95118
599888.0,1.0,2.0,1,904.0,95123
559000.0,2.0,2.0,1,904.0,92128
399000.0,2.0,2.0,0,870.0,92109
1079000.0,2.0,2.0,1,1572.0,92101
299999.0,1.0,2.0,1,813.0,92105
629000.0,3.0,2.0,8,1116.0,92131
874000.0,2.0,2.0,8,1322.0,92008
749000.0,3.0,2.0,8,1028.0,95133
844000.0,3.0,2.0,1,1966.0,92110
599000.0,2.0,2.0,4,1202.0,92025
885000.0,3.0,2.0,8,1365.0,95126
649999.0,1.0,2.0,1,907.0,95110
225000.0,2.0,2.0,3,1056.0,95128
445000.0,2.0,2.0,3,1440.0,92024
899000.0,3.0,2.0,1,1244.0,92024
799000.0,1.0,2.0,4,696.0,95111
939900.0,3.0,2.0,1,1752.0,95112
609888.0,2.0,2.0,8,1056.0,95122
918888.0,1.0,2.0,4,1036.0,95112
1188000.0,2.0,2.0,4,1112.0,92122
199900.0,1.0,2.0,3,840.0,95111
639000.0,1.0,2.0,4,910.0,92104
609000.0,2.0,2.0,1,922.0,92103
899000.0,1.0,2.0,4,1260.0,95110
799000.0,2.0,2.0,1,1387.0,92037
773888.0,3.0,2.0,8,1473.0,95133
788888.0,2.0,2.0,8,1241.0,95123
227000.0,2.0,2.0,3,1056.0,95136
295000.0,1.0,2.0,1,751.0,92105
925000.0,2.0,2.0,4,1326.0,92011
1399000.0,1.0,2.0,4,1054.0,95002
539000.0,2.0,2.0,1,949.0,92102
768000.0,2.0,2.0,4,1063.0,92130
618000.0,2.0,2.0,1,871.0,95110
395000.0,2.0,2.0,1,1012.0,92139
128000.0,2.0,2.0,3,880.0,92154
475000.0,2.0,2.0,1,980.0,92128
1150000.0,2.0,2.0,1,1228.0,92101
450000.0,1.0,2.0,0,698.0,92126
499900.0,2.0,2.0,1,972.0,92108
379900.0,3.0,2.0,1,1069.0,92154
745000.0,2.0,2.0,4,1600.0,92026
548000.0,2.0,2.0,1,975.0,95133
169999.0,2.0,2.0,3,960.0,95136
749000.0,2.0,2.0,1,1087.0,95126
425000.0,2.0,2.0,3,1800.0,92026
699000.0,2.0,2.0,4,750.0,92111
249000.0,2.0,2.0,3,1656.0,95123
767900.0,2.0,2.0,1,930.0,92109
520000.0,2.0,2.0,1,902.0,95116
535000.0,2.0,2.0,1,955.0,95127
289000.0,2.0,2.0,3,1440.0,92011
170000.0,1.0,2.0,3,600.0,95116
594000.0,1.0,2.0,1,822.0,92101
1275000.0,3.0,2.0,1,1410.0,92130
294100.0,1.0,2.0,1,813.0,92105
1595000.0,2.0,2.0,1,1748.0,92101
965000.0,2.0,2.0,8,1200.0,95124
889000.0,2.0,2.0,4,1198.0,92117
525000.0,2.0,2.0,1,1225.0,92009
575000.0,2.0,2.0,0,1069.0,92101
511900.0,2.0,2.0,1,896.0,92109
679000.0,3.0,2.0,8,1421.0,92011
699000.0,2.0,2.0,1,1078.0,92116
664000.0,2.0,2.0,8,1341.0,92010
139500.0,2.0,2.0,3,1340.0,92011
539000.0,2.0,2.0,1,1223.0,95135
549500.0,3.0,2.0,1,980.0,92110
499000.0,1.0,2.0,1,820.0,92104
1299000.0,3.0,2.0,4,1496.0,92024
795900.0,2.0,2.0,1,1186.0,92106
690000.0,2.0,2.0,1,1037.0,92122
375000.0,2.0,2.0,1,1192.0,92025
399999.0,2.0,2.0,8,1120.0,92026
799000.0,2.0,2.0,1,1056.0,92024
1075000.0,1.0,2.0,4,1070.0,95126
880000.0,2.0,2.0,1,1370.0,92101
1098000.0,2.0,2.0,1,1275.0,95126
957000.0,2.0,2.0,1,1135.0,95110
439000.0,1.0,2.0,1,811.0,95135
648000.0,2.0,2.0,1,1080.0,95131
165000.0,1.0,2.0,3,800.0,92024
525000.0,2.0,2.0,3,1764.0,92008
495000.0,3.0,2.0,1,1202.0,92029
129000.0,1.0,2.0,3,864.0,92029
1195000.0,2.0,2.0,1,1296.0,95110
650000.0,2.0,2.0,1,1020.0,92101
650000.0,2.0,2.0,0,1222.0,92104
909888.0,2.0,2.0,1,1676.0,95124
94999.0,2.0,2.0,3,1440.0,92105
425000.0,1.0,2.0,1,820.0,92119
649000.0,2.0,2.0,1,910.0,92107
725000.0,3.0,2.0,8,1908.0,92124
649888.0,1.0,2.0,8,1047.0,92130
439000.0,1.0,2.0,1,920.0,92111
829000.0,2.0,2.0,1,1270.0,92101
1034900.0,2.0,2.0,1,1692.0,92101
679000.0,2.0,2.0,4,1078.0,92101
818000.0,1.0,2.0,4,819.0,92116
875000.0,3.0,2.0,1,1380.0,92106
530000.0,2.0,2.0,1,907.0,92128
749000.0,1.0,2.0,4,960.0,95125
999900.0,1.0,2.0,4,1056.0,92116
174900.0,2.0,2.0,3,550.0,95111
669000.0,2.0,2.0,8,992.0,95119
675000.0,1.0,2.0,4,816.0,95112
369900.0,1.0,2.0,1,788.0,92123
649000.0,2.0,2.0,1,871.0,95110
549900.0,1.0,2.0,1,862.0,92104
495000.0,1.0,2.0,4,672.0,92105
415000.0,2.0,2.0,1,1144.0,92120
749999.0,1.0,2.0,4,658.0,92104
769000.0,2.0,2.0,1,850.0,95134
749000.0,2.0,2.0,8,1423.0,92101
429000.0,2.0,2.0,1,1144.0,92120
649000.0,2.0,2.0,1,1019.0,92110
1098000.0,2.0,2.0,1,1793.0,92122
495000.0,2.0,2.0,4,1006.0,92154
549000.0,2.0,2.0,1,894.0,92122
795000.0,1.0,2.0,4,1037.0,92104
260000.0,2.0,2.0,3,1680.0,95125
475000.0,2.0,2.0,1,877.0,95116
919000.0,2.0,2.0,1,887.0,92101
678000.0,2.0,2.0,1,1061.0,95112
1079000.0,2.0,2.0,1,1572.0,92101
459000.0,2.0,2.0,4,894.0,92108
939900.0,2.0,2.0,8,1479.0,95125
370000.0,1.0,2.0,1,738.0,92139
619900.0,3.0,2.0,1,1373.0,92009
689000.0,2.0,2.0,1,1277.0,95112
780000.0,3.0,2.0,1,1232.0,92008
130000.0,1.0,2.0,3,2014.0,92117
699000.0,2.0,2.0,4,1600.0,92128
625000.0,2.0,2.0,4,1448.0,92027
179000.0,1.0,2.0,3,780.0,92011
1049000.0,1.0,2.0,4,758.0,92107
598000.0,2.0,2.0,8,988.0,95136
588000.0,2.0,2.0,1,832.0,95133
302000.0,2.0,2.0,3,1792.0,95125
1099000.0,2.0,2.0,4,1558.0,92106
899000.0,2.0,2.0,1,988.0,92008
559900.0,2.0,2.0,1,1036.0,92128
249000.0,2.0,2.0,3,1760.0,95125
518000.0,2.0,2.0,1,1223.0,95135
795000.0,2.0,2.0,1,1261.0,95123
1639000.0,2.0,2.0,1,1600.0,92103
319000.0,1.0,2.0,0,866.0,92139
799999.0,2.0,2.0,1,1148.0,95129
559900.0,2.0,2.0,1,904.0,92128
949900.0,2.0,2.0,0,1454.0,92108
1275000.0,1.0,2.0,4,1280.0,95124
179900.0,1.0,2.0,3,672.0,95111
679000.0,2.0,2.0,1,976.0,95132
420000.0,1.0,2.0,1,798.0,95123
1099000.0,1.0,2.0,4,870.0,95126
799000.0,2.0,2.0,1,1460.0,95135
437750.0,2.0,2.0,3,1440.0,92010
799000.0,2.0,2.0,1,1284.0,95110
672500.0,2.0,2.0,1,1020.0,95118
479000.0,2.0,2.0,4,1642.0,92026
796000.0,2.0,2.0,1,1229.0,95123
749000.0,3.0,2.0,8,1105.0,95130
259000.0,2.0,2.0,3,1344.0,92011
130000.0,1.0,2.0,3,744.0,92154
525000.0,1.0,2.0,1,880.0,95111
824900.0,2.0,2.0,1,1032.0,92101
570000.0,2.0,2.0,1,899.0,92127
800000.0,3.0,2.0,1,1139.0,92101
659000.0,2.0,2.0,1,1470.0,92129
549000.0,2.0,2.0,4,1017.0,92025
690000.0,2.0,2.0,1,1490.0,95135
673000.0,2.0,2.0,4,1409.0,92026
975000.0,2.0,2.0,4,1141.0,92110
374900.0,2.0,2.0,8,896.0,92027
290000.0,2.0,2.0,1,991.0,92115
549900.0,2.0,2.0,1,1000.0,95116
498000.0,2.0,2.0,1,840.0,92104
259000.0,2.0,2.0,3,1680.0,95123
480000.0,3.0,2.0,8,1219.0,92154
665000.0,2.0,2.0,1,1781.0,95135
214900.0,2.0,2.0,3,1080.0,92026
949000.0,1.0,2.0,4,960.0,95126
179000.0,2.0,2.0,3,1440.0,95136
649000.0,2.0,2.0,1,910.0,92107
47900.0,2.0,2.0,3,924.0,95131
550000.0,2.0,2.0,1,1153.0,92122
775000.0,3.0,2.0,8,1721.0,92008
199900.0,2.0,2.0,3,1683.0,92102
975000.0,3.0,2.0,1,1565.0,92102
839000.0,1.0,2.0,4,816.0,92104
235000.0,2.0,2.0,3,1100.0,95136
850000.0,3.0,2.0,1,1860.0,95128
724900.0,3.0,3.0,4,1686.0,92029
1475000.0,4.0,3.0,1,2124.0,92108
1548800.0,2.0,3.0,4,1540.0,95124
1250000.0,3.0,3.0,0,1855.0,92010
949900.0,3.0,3.0,4,1444.0,92127
1200000.0,2.0,3.0,4,1983.0,95136
283000.0,3.0,3.0,3,1334.0,95134
630000.0,2.0,3.0,4,1130.0,92114
818900.0,2.0,3.0,4,1422.0,92154
649900.0,2.0,3.0,1,1362.0,92010
1690000.0,2.0,3.0,4,1588.0,92109
2060000.0,4.0,3.0,4,2804.0,92037
460000.0,2.0,3.0,1,952.0,92123
1199000.0,4.0,3.0,7,1800.0,95113
1200000.0,2.0,3.0,4,1115.0,92024
899000.0,2.0,3.0,4,1678.0,92119
859000.0,2.0,3.0,4,1200.0,95122
1072000.0,2.0,3.0,4,1384.0,92131
500000.0,1.0,3.0,6,900.0,95116
750000.0,3.0,3.0,8,1306.0,92108
919900.0,2.0,3.0,4,1325.0,92115
1450000.0,2.0,3.0,4,1211.0,95118
879900.0,3.0,3.0,4,1512.0,92123
1174950.0,3.0,3.0,1,1451.0,95120
549000.0,2.0,3.0,3,1656.0,92026
1098000.0,2.0,3.0,4,1080.0,95118
267400.0,2.0,3.0,3,1546.0,92011
1000000.0,2.0,3.0,4,1210.0,95124
824900.0,2.0,3.0,6,1435.0,92011
619000.0,2.0,3.0,1,1476.0,92124
625000.0,1.0,3.0,4,1080.0,92105
1230000.0,3.0,3.0,8,1545.0,95135
760000.0,3.0,3.0,4,1923.0,92154
979000.0,2.0,3.0,4,1482.0,92104
249470.0,2.0,3.0,3,1440.0,95131
1200000.0,2.0,3.0,4,1006.0,92025
749000.0,2.0,3.0,4,940.0,95112
599000.0,2.0,3.0,4,1080.0,92154
599000.0,2.0,3.0,4,1038.0,92025
899950.0,2.0,3.0,4,1130.0,95122
745000.0,2.0,3.0,4,1336.0,92025
1189999.0,3.0,3.0,4,1352.0,95131
768000.0,3.0,3.0,4,1598.0,92128
899900.0,3.0,3.0,1,1718.0,92008
649000.0,2.0,3.0,4,1331.0,92114
499000.0,2.0,3.0,1,1040.0,92127
949000.0,3.0,3.0,1,1338.0,92109
675000.0,2.0,3.0,4,1522.0,92114
919000.0,2.0,3.0,4,1614.0,92126
1150000.0,2.0,3.0,1,2073.0,95113
570000.0,3.0,3.0,4,1574.0,92025
1595000.0,3.0,3.0,4,1672.0,95125
550000.0,2.0,3.0,3,2026.0,92026
1150000.0,3.0,3.0,8,1512.0,95110
1195000.0,2.0,3.0,4,1964.0,95112
1075000.0,4.0,3.0,1,1725.0,92102
639000.0,2.0,3.0,4,1662.0,92114
549900.0,3.0,3.0,1,1288.0,92113
725000.0,2.0,3.0,4,1040.0,92123
930000.0,3.0,3.0,8,1470.0,92108
975000.0,2.0,3.0,4,1480.0,92117
1400000.0,2.0,3.0,4,1421.0,92024
785000.0,2.0,3.0,4,1157.0,92115
1289000.0,3.0,3.0,1,2171.0,92109
1399888.0,2.0,3.0,4,1478.0,95120
898000.0,4.0,3.0,8,1531.0,95123
99000.0,1.0,3.0,3,1080.0,95125
855000.0,2.0,3.0,1,1900.0,92009
489000.0,2.0,3.0,1,1224.0,92139
2690000.0,4.0,3.0,7,2695.0,92008
1299000.0,3.0,3.0,4,1960.0,92009
729900.0,2.0,3.0,4,1400.0,92115
2290000.0,4.0,3.0,7,2330.0,92008
1049990.0,3.0,3.0,4,1673.0,95128
879900.0,2.0,3.0,4,1800.0,92128
1185000.0,3.0,3.0,4,1508.0,95119
299500.0,2.0,3.0,3,1745.0,95136
899000.0,2.0,3.0,4,1048.0,92123
749000.0,3.0,3.0,4,1933.0,92026
470000.0,2.0,3.0,8,1183.0,92139
599000.0,2.0,3.0,8,1686.0,92111
989000.0,3.0,3.0,4,1947.0,92011
760000.0,2.0,3.0,1,1175.0,95136
2099000.0,3.0,3.0,4,1908.0,92037
999000.0,2.0,3.0,4,1515.0,95122
1039900.0,2.0,3.0,4,1000.0,92102
670000.0,2.0,3.0,4,1572.0,92139
549000.0,2.0,3.0,4,1200.0,92026
850100.0,2.0,3.0,4,1050.0,92123
599000.0,2.0,3.0,4,1038.0,92025
1599000.0,4.0,3.0,6,1865.0,92007
899000.0,2.0,3.0,4,2000.0,92026
2599000.0,2.0,3.0,4,1853.0,92037
1595000.0,3.0,3.0,4,1980.0,92103
345000.0,2.0,3.0,3,1434.0,92126
579000.0,2.0,3.0,1,2056.0,92010
1995000.0,3.0,3.0,0,2654.0,92109
549900.0,3.0,3.0,8,1459.0,92139
599000.0,2.0,3.0,3,1919.0,95123
748888.0,2.0,3.0,8,1342.0,95133
85000.0,2.0,3.0,3,1440.0,92154
1288000.0,2.0,3.0,4,1283.0,95123
769000.0,2.0,3.0,4,1107.0,92119
249900.0,2.0,3.0,3,1316.0,92011
819500.0,2.0,3.0,4,1917.0,92029
875000.0,3.0,3.0,1,1459.0,92024
160000.0,2.0,3.0,3,1440.0,95134
1149000.0,2.0,3.0,4,1640.0,92115
1789000.0,2.0,3.0,4,1547.0,95129
849999.0,1.0,3.0,4,900.0,95127
999000.0,3.0,3.0,6,1674.0,92131
999000.0,4.0,3.0,8,1901.0,95123
365000.0,2.0,3.0,3,1440.0,95122
1250000.0,3.0,3.0,1,1283.0,92011
1698888.0,2.0,3.0,4,1780.0,95118
1045000.0,3.0,3.0,1,1616.0,92101
738000.0,1.0,3.0,8,1000.0,95148
1455000.0,2.0,3.0,4,1743.0,95135
699000.0,2.0,3.0,4,2267.0,92139
1399000.0,3.0,3.0,4,1740.0,95125
1020000.0,2.0,3.0,4,1860.0,95111
1100000.0,3.0,3.0,4,2236.0,95112
770000.0,3.0,3.0,8,1523.0,92128
649900.0,2.0,3.0,4,1475.0,92139
849999.0,2.0,3.0,1,1317.0,95129
750000.0,2.0,3.0,0,1456.0,92026
1250000.0,3.0,3.0,4,2232.0,92029
1599000.0,3.0,3.0,4,2158.0,92122
2000000.0,2.0,3.0,4,1640.0,92024
1299000.0,2.0,3.0,4,1340.0,95123
859000.0,2.0,3.0,4,1070.0,92117
299000.0,2.0,3.0,3,1568.0,95131
1299888.0,2.0,3.0,4,1232.0,95118
1499000.0,2.0,3.0,4,1400.0,92110
1075000.0,3.0,3.0,1,1727.0,95136
699000.0,2.0,3.0,1,1056.0,92024
2250000.0,3.0,3.0,4,2000.0,92037
888000.0,2.0,3.0,4,1036.0,95111
1249800.0,2.0,3.0,4,1627.0,95123
715000.0,1.0,3.0,4,960.0,95127
1070000.0,2.0,3.0,4,1274.0,95136
915000.0,2.0,3.0,4,1306.0,92117
1200000.0,3.0,3.0,4,1440.0,92117
499000.0,2.0,3.0,4,1792.0,92029
799000.0,2.0,3.0,4,1887.0,92119
1450000.0,5.0,3.0,8,1793.0,95128
1875000.0,3.0,3.0,1,1668.0,92014
725000.0,3.0,3.0,8,1420.0,92010
624777.0,2.0,3.0,4,1042.0,92114
775000.0,3.0,3.0,1,1606.0,92128
630000.0,2.0,3.0,8,1180.0,95116
530000.0,2.0,3.0,8,1293.0,92139
530000.0,2.0,3.0,1,970.0,92117
669000.0,2.0,3.0,4,1368.0,92026
1350000.0,1.0,3.0,4,1651.0,92110
825000.0,2.0,3.0,4,1216.0,92123
288000.0,2.0,3.0,3,1088.0,92011
920000.0,2.0,3.0,4,2123.0,92128
619900.0,2.0,3.0,4,1066.0,92154
234999.0,2.0,3.0,3,1306.0,92120
1739000.0,3.0,3.0,8,1880.0,92024
949000.0,2.0,3.0,4,1287.0,95111
695000.0,2.0,3.0,4,1600.0,92027
813000.0,3.0,3.0,8,1509.0,92010
349900.0,2.0,3.0,3,2040.0,95111
948000.0,3.0,3.0,8,1585.0,95125
228000.0,2.0,3.0,3,1240.0,92011
869000.0,2.0,3.0,4,1696.0,92123
649900.0,2.0,3.0,4,1175.0,92154
1200000.0,3.0,3.0,4,3048.0,92025
925000.0,2.0,3.0,4,1300.0,95111
299500.0,2.0,3.0,3,1534.0,95134
1249999.0,2.0,3.0,4,1756.0,95118
1059000.0,2.0,3.0,4,1832.0,92120
777900.0,2.0,3.0,4,1757.0,92026
549000.0,2.0,3.0,4,735.0,92113
1062500.0,2.0,3.0,4,2561.0,92009
898000.0,3.0,3.0,8,1693.0,95118
2895000.0,2.0,3.0,4,1955.0,92024
849999.0,2.0,3.0,4,1198.0,95127
695000.0,2.0,3.0,4,1125.0,92027
1848000.0,3.0,3.0,4,2170.0,95135
1600000.0,1.0,3.0,4,1443.0,92109
1289888.0,3.0,3.0,8,1718.0,95117
1849950.0,2.0,3.0,4,2019.0,95125
1250000.0,3.0,3.0,4,2334.0,92026
799000.0,2.0,3.0,8,1771.0,92009
1799999.0,3.0,3.0,8,2010.0,92008
549000.0,1.0,3.0,4,827.0,92027
878890.0,2.0,3.0,6,1073.0,92107
1140000.0,2.0,3.0,4,1934.0,92128
1749000.0,3.0,3.0,4,1820.0,95120
1499499.0,2.0,3.0,4,1296.0,95124
799000.0,2.0,3.0,4,1119.0,92123
739900.0,2.0,3.0,4,1644.0,92027
580000.0,3.0,3.0,1,1336.0,92123
1700000.0,4.0,3.0,4,2317.0,95128
730000.0,2.0,3.0,1,1391.0,92101
1299900.0,2.0,3.0,4,1556.0,92117
285000.0,2.0,3.0,3,1500.0,95134
1249000.0,3.0,3.0,8,2388.0,95120
869900.0,3.0,3.0,8,1452.0,95136
239000.0,2.0,3.0,3,1200.0,95134
999990.0,3.0,3.0,1,2501.0,92009
1800000.0,1.0,3.0,4,924.0,95128
799000.0,2.0,3.0,4,1461.0,92128
1195000.0,3.0,3.0,0,2984.0,92026
699999.0,2.0,3.0,1,1267.0,92128
1298000.0,3.0,3.0,4,1848.0,95125
720000.0,3.0,3.0,8,1330.0,95127
795000.0,2.0,3.0,4,1043.0,95122
799000.0,2.0,3.0,4,1161.0,92123
1145000.0,2.0,3.0,4,1276.0,92115
1790000.0,3.0,3.0,4,2838.0,92106
929000.0,2.0,3.0,4,1653.0,92126
329000.0,2.0,3.0,3,1980.0,95133
2000000.0,2.0,3.0,4,1785.0,92024
650000.0,2.0,3.0,4,1479.0,92027
1925000.0,2.0,3.0,4,2224.0,92107
728000.0,3.0,3.0,7,3336.0,95132
619000.0,2.0,3.0,8,1188.0,92124
1450000.0,2.0,3.0,4,1248.0,95118
1199900.0,3.0,3.0,4,1992.0,95112
937000.0,2.0,3.0,4,1007.0,95111
1595000.0,3.0,3.0,4,1630.0,92116
959000.0,2.0,3.0,7,1634.0,92025
1249950.0,3.0,3.0,4,1740.0,95126
625000.0,2.0,3.0,4,1040.0,92154
1199000.0,3.0,3.0,4,2417.0,92120
950000.0,2.0,3.0,4,1635.0,92120
839000.0,2.0,3.0,4,1200.0,92123
334000.0,2.0,3.0,3,1344.0,92029
500000.0,2.0,3.0,4,1568.0,92139
1599000.0,2.0,3.0,4,1490.0,95125
999900.0,2.0,3.0,4,1200.0,95128
759000.0,3.0,3.0,4,1923.0,92154
1175000.0,2.0,3.0,4,1850.0,92110
639000.0,2.0,3.0,4,1024.0,92114
2699450.0,2.0,3.0,4,1812.0,92024
770000.0,2.0,3.0,4,1814.0,92026
220000.0,2.0,3.0,3,1440.0,95131
1295000.0,3.0,3.0,4,2317.0,92127
424000.0,2.0,3.0,3,1560.0,95125
930000.0,2.0,3.0,4,1206.0,95111
729900.0,2.0,3.0,4,1123.0,92120
1500000.0,3.0,3.0,6,1700.0,92104
899000.0,2.0,3.0,4,1046.0,92117
1569000.0,2.0,3.0,4,1816.0,92116
799999.0,3.0,3.0,4,2162.0,92025
899999.0,2.0,3.0,0,1168.0,92116
650000.0,2.0,3.0,4,1235.0,92113
595000.0,2.0,3.0,4,1260.0,92027
799000.0,2.0,3.0,4,1818.0,92026
1395000.0,3.0,3.0,4,2973.0,92128
699000.0,2.0,3.0,1,1454.0,92128
889000.0,3.0,3.0,4,1490.0,92128
2200000.0,3.0,3.0,4,2196.0,92024
900000.0,2.0,3.0,1,1278.0,92107
1175000.0,4.0,3.0,1,1791.0,92102
1200000.0,3.0,3.0,1,1668.0,92130
339900.0,2.0,3.0,3,1339.0,95138
1189000.0,1.0,3.0,4,1066.0,92103
1498000.0,3.0,3.0,4,1800.0,95124
599900.0,2.0,3.0,1,1290.0,92128
570000.0,2.0,3.0,4,1186.0,92113
1275000.0,1.0,3.0,4,972.0,95125
749000.0,3.0,3.0,4,1687.0,92154
849888.0,3.0,3.0,4,1548.0,92128
780000.0,2.0,3.0,1,1969.0,92110
1100000.0,3.0,3.0,1,1305.0,95129
850000.0,3.0,3.0,4,1468.0,92010
1399800.0,3.0,3.0,4,1874.0,95124
849000.0,2.0,3.0,4,1097.0,92111
875000.0,2.0,3.0,4,1138.0,92123
839000.0,3.0,3.0,4,2279.0,92027
1289900.0,2.0,3.0,4,1583.0,92104
1100000.0,2.0,3.0,4,1421.0,92024
359900.0,2.0,3.0,3,1440.0,95123
1195000.0,2.0,3.0,4,1674.0,92117
670000.0,2.0,3.0,4,1136.0,92114
469000.0,2.0,3.0,1,1458.0,92026
1799950.0,2.0,3.0,4,1780.0,95125
320000.0,2.0,3.0,3,1420.0,95112
1399000.0,2.0,3.0,4,1505.0,92103
789000.0,3.0,3.0,8,1416.0,92037
974000.0,3.0,3.0,8,1758.0,95128
630000.0,2.0,3.0,4,1114.0,92105
719000.0,1.0,3.0,4,1000.0,92114
1199900.0,3.0,3.0,4,2406.0,92124
510000.0,2.0,3.0,1,1209.0,92111
579950.0,2.0,3.0,8,1150.0,95122
995000.0,4.0,3.0,4,2553.0,95136
264000.0,2.0,3.0,3,1368.0,95123
1498000.0,3.0,3.0,1,2609.0,92037
703000.0,2.0,3.0,1,1526.0,92124
795000.0,2.0,3.0,6,1800.0,92105
329900.0,2.0,3.0,3,1152.0,95138
718000.0,3.0,3.0,0,1468.0,92111
920000.0,3.0,3.0,1,1093.0,92106
849000.0,2.0,3.0,4,1053.0,92123
1100000.0,4.0,3.0,0,2127.0,92009
890000.0,2.0,3.0,4,1263.0,95111
639000.0,4.0,3.0,8,2047.0,92154
2499999.0,3.0,3.0,4,4562.0,92026
899999.0,2.0,3.0,4,1241.0,95122
869900.0,2.0,3.0,4,1521.0,92123
485000.0,2.0,3.0,1,920.0,92126
645000.0,2.0,3.0,8,1113.0,92009
1539000.0,2.0,3.0,1,1545.0,92101
699000.0,3.0,3.0,8,1129.0,95138
1275000.0,4.0,3.0,0,2105.0,92009
1399000.0,2.0,3.0,4,1457.0,92122
1450000.0,3.0,3.0,4,2095.0,92117
1299000.0,2.0,3.0,4,1761.0,95112
950000.0,2.0,3.0,4,1671.0,95112
1399800.0,3.0,3.0,8,1409.0,95129
229900.0,2.0,3.0,3,1440.0,95131
1549000.0,2.0,3.0,4,1709.0,95125
469000.0,2.0,3.0,1,1344.0,92010
489000.0,2.0,3.0,6,1194.0,92113
695000.0,2.0,3.0,4,1330.0,92114
899988.0,3.0,3.0,8,1629.0,95111
1199000.0,2.0,3.0,0,1573.0,92120
255000.0,2.0,3.0,3,1400.0,95134
828000.0,2.0,3.0,1,1370.0,95112
675000.0,2.0,3.0,0,1134.0,92114
735000.0,2.0,3.0,1,1056.0,92024
2288888.0,2.0,3.0,1,1836.0,95110
304900.0,2.0,3.0,3,1140.0,95111
1195000.0,2.0,3.0,4,2642.0,92029
699000.0,2.0,3.0,4,1474.0,92119
1649000.0,2.0,3.0,4,1690.0,95125
499000.0,2.0,3.0,0,1208.0,92026
1299000.0,3.0,3.0,4,1644.0,95124
539900.0,3.0,3.0,0,1288.0,92113
1790000.0,3.0,3.0,4,2838.0,92106
2190000.0,2.0,3.0,4,1695.0,92107
769900.0,2.0,3.0,4,1281.0,92115
649900.0,2.0,3.0,4,1268.0,92114
699000.0,2.0,3.0,4,1350.0,92027
650000.0,2.0,3.0,4,1314.0,92114
1095000.0,4.0,3.0,1,2315.0,92127
481000.0,2.0,3.0,4,970.0,92123
1400000.0,2.0,3.0,4,1519.0,95008
1019000.0,3.0,3.0,4,1754.0,92108
675000.0,2.0,3.0,0,1378.0,92026
775000.0,2.0,3.0,4,1632.0,92120
1568000.0,2.0,3.0,4,1250.0,95130
1659000.0,3.0,3.0,1,2183.0,92037
799000.0,3.0,3.0,4,1819.0,92025
875000.0,3.0,3.0,8,1585.0,95125
525000.0,2.0,3.0,4,1162.0,92114
374900.0,2.0,3.0,3,1577.0,95123
850000.0,3.0,3.0,1,1869.0,92131
339900.0,2.0,3.0,4,1200.0,95136
699000.0,3.0,3.0,1,1350.0,95111
1100000.0,2.0,3.0,4,1991.0,92128
855000.0,2.0,3.0,4,1014.0,92117
1197000.0,2.0,3.0,4,1110.0,95124
189900.0,2.0,3.0,3,1120.0,92117
1700000.0,3.0,3.0,4,1993.0,95118
1379000.0,3.0,3.0,1,2146.0,92008
1499000.0,2.0,3.0,4,1808.0,95112
640000.0,2.0,3.0,0,1384.0,92101
368000.0,2.0,3.0,3,1506.0,95136
1210271.0,3.0,3.0,7,2496.0,92027
1095000.0,3.0,3.0,4,1984.0,92010
759000.0,2.0,3.0,8,1199.0,95133
1195000.0,2.0,3.0,4,1298.0,95132
439900.0,2.0,3.0,1,1184.0,92173
850000.0,2.0,3.0,4,1658.0,92117
665000.0,2.0,3.0,4,1575.0,92027
1358000.0,2.0,3.0,4,1453.0,95132
1279000.0,2.0,3.0,4,1136.0,95124
899900.0,2.0,3.0,0,1258.0,92111
372000.0,2.0,3.0,3,1456.0,95123
1199000.0,3.0,3.0,4,1603.0,92009
1088000.0,3.0,3.0,1,2078.0,95113
750000.0,2.0,3.0,4,1098.0,92119
940000.0,2.0,3.0,4,1630.0,92115
629999.0,1.0,3.0,1,991.0,95121
1099888.0,2.0,3.0,1,1239.0,95129
2700000.0,2.0,3.0,4,1636.0,92008
629000.0,2.0,3.0,4,1221.0,92113
1695000.0,2.0,3.0,4,1193.0,95129
849900.0,3.0,3.0,4,1530.0,92128
1195000.0,3.0,3.0,8,1992.0,92037
799999.0,3.0,3.0,8,1413.0,95110
1251000.0,4.0,3.0,8,1825.0,95113
1950000.0,3.0,3.0,4,2188.0,92024
154500.0,2.0,3.0,3,1040.0,92027
529000.0,2.0,3.0,8,1170.0,92139
775000.0,3.0,3.0,4,2154.0,92025
875000.0,3.0,3.0,4,1661.0,92009
899000.0,2.0,3.0,4,1048.0,92123
1700000.0,2.0,3.0,4,1655.0,92014
1198000.0,2.0,3.0,4,1705.0,95124
188888.0,2.0,3.0,3,1464.0,95131
210000.0,2.0,3.0,3,1040.0,92011
995000.0,3.0,3.0,4,2186.0,92120
839900.0,2.0,3.0,4,1296.0,92126
1175000.0,1.0,3.0,4,1170.0,95125
1275000.0,1.0,3.0,4,1184.0,95125
849000.0,3.0,3.0,6,1951.0,92105
1395000.0,2.0,3.0,1,2318.0,92103
880000.0,3.0,3.0,8,1443.0,95136
799000.0,2.0,3.0,4,1428.0,95110
450000.0,2.0,3.0,1,1192.0,92115
789000.0,3.0,3.0,8,1452.0,92010
975000.0,3.0,3.0,8,1815.0,92103
1275000.0,2.0,3.0,4,1448.0,92117
1695000.0,3.0,3.0,4,3088.0,92110
839999.0,3.0,3.0,8,1720.0,95148
1200000.0,2.0,3.0,0,1314.0,92104
899900.0,2.0,3.0,4,1354.0,92115
799000.0,2.0,3.0,4,1262.0,92117
679000.0,2.0,3.0,4,1567.0,91945
889300.0,2.0,3.0,4,1314.0,92123
1900000.0,2.0,3.0,1,1988.0,92106
834900.0,3.0,3.0,4,2350.0,92026
2299000.0,1.0,3.0,4,1269.0,95127
849000.0,3.0,3.0,8,1496.0,95136
749900.0,3.0,3.0,8,1750.0,92108
995000.0,2.0,3.0,4,986.0,95131
1249990.0,2.0,3.0,4,1633.0,95121
580000.0,2.0,3.0,4,1439.0,92027
649000.0,2.0,3.0,1,1246.0,95123
649000.0,2.0,3.0,4,1380.0,92139
1099000.0,3.0,3.0,1,1672.0,92101
749000.0,4.0,3.0,4,1498.0,92127
1850000.0,4.0,3.0,1,3340.0,92014
1198000.0,3.0,3.0,4,1630.0,92122
1296000.0,3.0,3.0,1,1554.0,92024
469000.0,2.0,3.0,1,1071.0,92154
968000.0,3.0,3.0,0,1736.0,92128
870000.0,3.0,3.0,8,1330.0,95112
229000.0,2.0,3.0,3,1080.0,95136
999000.0,2.0,3.0,4,1208.0,95123
1285000.0,3.0,3.0,1,1867.0,95131
599999.0,3.0,3.0,4,1492.0,92105
1329000.0,3.0,3.0,1,1609.0,92024
880000.0,3.0,3.0,8,1547.0,95127
775000.0,3.0,3.0,8,1540.0,92131
375000.0,2.0,3.0,3,1403.0,95134
874999.0,2.0,3.0,4,938.0,95118
848999.0,2.0,3.0,4,1869.0,92027
589000.0,2.0,3.0,1,1127.0,92129
950000.0,3.0,3.0,8,1696.0,95126
899000.0,2.0,3.0,4,1040.0,95122
695000.0,2.0,3.0,4,1753.0,92026
875000.0,2.0,3.0,4,1419.0,92102
1099950.0,3.0,3.0,8,1666.0,95131
629900.0,1.0,3.0,4,1098.0,92105
1819000.0,3.0,3.0,1,2131.0,92024
449000.0,2.0,3.0,1,1071.0,92154
711900.0,2.0,3.0,8,1517.0,92127
579000.0,1.0,3.0,4,1063.0,92027
1198000.0,2.0,3.0,4,1641.0,95125
1299999.0,3.0,3.0,0,2129.0,92120
1199000.0,2.0,3.0,6,1778.0,92104
700000.0,2.0,3.0,1,1466.0,95123
725000.0,2.0,3.0,4,1428.0,92115
625000.0,2.0,3.0,4,1163.0,92029
1698000.0,2.0,3.0,4,1686.0,95124
729999.0,3.0,3.0,8,1314.0,95122
829000.0,3.0,3.0,8,1348.0,95118
285000.0,2.0,3.0,3,1469.0,95134
245000.0,2.0,3.0,3,1440.0,95134
569900.0,3.0,3.0,0,1485.0,92154
1180000.0,2.0,3.0,4,1118.0,92008
655000.0,2.0,3.0,4,1014.0,92119
750000.0,2.0,3.0,8,1354.0,92122
619000.0,2.0,3.0,4,1565.0,92025
1200000.0,2.0,3.0,4,1679.0,92128
705000.0,3.0,3.0,4,1606.0,92154
850000.0,2.0,3.0,4,1123.0,95111
1425000.0,3.0,3.0,1,2488.0,92103
999900.0,2.0,3.0,4,1666.0,92127
1675000.0,2.0,3.0,4,2080.0,92008
1189900.0,3.0,3.0,8,1628.0,95135
999900.0,3.0,3.0,1,1558.0,92106
1500000.0,4.0,3.0,4,2819.0,95119
479999.0,2.0,3.0,1,1008.0,92117
941000.0,2.0,3.0,4,1162.0,92117
795000.0,3.0,3.0,1,1452.0,92010
1009000.0,2.0,3.0,4,1478.0,95127
998500.0,3.0,3.0,0,1803.0,92127
935000.0,1.0,3.0,4,1202.0,95110
1699000.0,3.0,3.0,8,1790.0,95129
1090000.0,3.0,3.0,4,1845.0,92011
929000.0,2.0,3.0,4,1931.0,92029
775000.0,2.0,3.0,4,1315.0,92126
2050000.0,4.0,3.0,8,2765.0,92103
515000.0,2.0,3.0,1,1039.0,92108
799000.0,2.0,3.0,1,1260.0,95123
799000.0,2.0,3.0,0,1200.0,92119
999000.0,2.0,3.0,4,1173.0,95123
630000.0,2.0,3.0,0,989.0,92154
1699000.0,2.0,3.0,4,2004.0,95124
579000.0,2.0,3.0,4,1050.0,92114
1395000.0,3.0,3.0,4,2275.0,92009
824000.0,2.0,3.0,4,1647.0,92029
987900.0,3.0,3.0,1,1501.0,92131
1050000.0,2.0,3.0,8,1230.0,95129
579000.0,2.0,3.0,4,1098.0,92025
899000.0,2.0,3.0,4,947.0,92104
689000.0,3.0,3.0,4,1437.0,92128
1275000.0,2.0,3.0,4,2003.0,92131
885000.0,2.0,3.0,4,1567.0,92119
699000.0,1.0,3.0,4,935.0,92115
2149000.0,4.0,3.0,1,2288.0,95128
499900.0,2.0,3.0,3,1540.0,95123
669900.0,2.0,3.0,4,1424.0,92114
1599900.0,2.0,3.0,6,1380.0,92024
199900.0,2.0,3.0,3,1343.0,95134
835000.0,3.0,3.0,8,1906.0,92124
2799900.0,4.0,4.0,4,3164.0,92024
1695000.0,2.0,4.0,4,2132.0,92008
1299000.0,2.0,4.0,4,1383.0,95132
1050000.0,3.0,4.0,0,2023.0,92126
1499000.0,3.0,4.0,4,1930.0,92104
1995000.0,4.0,4.0,4,3625.0,92037
1369000.0,2.0,4.0,4,1669.0,95123
975000.0,2.0,4.0,4,1895.0,92111
837900.0,3.0,4.0,4,2357.0,92026
1200000.0,2.0,4.0,4,1408.0,95118
749500.0,3.0,4.0,4,1724.0,92027
1275000.0,2.0,4.0,4,2124.0,92119
2895000.0,3.0,4.0,4,2903.0,95129
1399000.0,2.0,4.0,0,1852.0,92024
1399000.0,4.0,4.0,4,4283.0,92009
769000.0,3.0,4.0,4,1991.0,92029
1788000.0,2.0,4.0,4,1898.0,95120
1164900.0,3.0,4.0,4,2133.0,92119
1044900.0,3.0,4.0,4,1500.0,92131
875000.0,2.0,4.0,4,1498.0,92111
650000.0,3.0,4.0,4,2034.0,92139
1475000.0,2.0,4.0,4,1870.0,95127
1198950.0,2.0,4.0,4,1542.0,95111
679900.0,2.0,4.0,4,1184.0,92114
1399999.0,3.0,4.0,0,2620.0,92127
1749000.0,3.0,4.0,0,2477.0,92122
1200000.0,4.0,4.0,4,2800.0,92029
4288000.0,5.0,4.0,4,5425.0,95138
689000.0,3.0,4.0,4,1700.0,92154
1900000.0,3.0,4.0,4,3073.0,92128
959000.0,3.0,4.0,4,3020.0,92026
1950000.0,3.0,4.0,4,2700.0,92037
928200.0,2.0,4.0,4,1645.0,92126
4995000.0,3.0,4.0,4,3000.0,92024
750000.0,3.0,4.0,4,1934.0,92154
1750000.0,3.0,4.0,4,2008.0,92106
1350000.0,3.0,4.0,4,2124.0,95136
1999000.0,2.0,4.0,4,2440.0,95125
1568000.0,2.0,4.0,4,1655.0,95135
707000.0,3.0,4.0,4,1776.0,92139
2900000.0,5.0,4.0,4,5428.0,92120
2499000.0,3.0,4.0,1,1999.0,92101
1020900.0,3.0,4.0,4,2172.0,92119
760000.0,3.0,4.0,4,2092.0,92154
1299950.0,2.0,4.0,4,1642.0,95128
1500000.0,4.0,4.0,1,1765.0,92113
825000.0,2.0,4.0,0,1250.0,92117
1200000.0,3.0,4.0,0,2007.0,92010
1339000.0,6.0,4.0,4,3701.0,92029
825000.0,3.0,4.0,4,1659.0,92027
725000.0,2.0,4.0,4,1200.0,92114
1000000.0,3.0,4.0,1,1600.0,92131
1099000.0,4.0,4.0,4,2626.0,92029
2775000.0,5.0,4.0,7,2652.0,95125
1200000.0,3.0,4.0,1,2906.0,92009
789000.0,4.0,4.0,4,1068.0,95110
2700000.0,6.0,4.0,4,4300.0,92011
799900.0,2.0,4.0,4,1275.0,92119
840000.0,3.0,4.0,6,1200.0,92027
1075000.0,3.0,4.0,4,2273.0,92120
2498000.0,3.0,4.0,4,2796.0,95129
1699950.0,3.0,4.0,4,1926.0,95126
790000.0,2.0,4.0,4,2166.0,92154
625000.0,4.0,4.0,1,1857.0,92154
2749000.0,4.0,4.0,4,2600.0,92107
2100000.0,4.0,4.0,4,4217.0,92008
875000.0,3.0,4.0,4,2251.0,92026
1625000.0,3.0,4.0,4,1944.0,95126
1799999.0,4.0,4.0,4,2602.0,92130
4875000.0,4.0,4.0,4,3796.0,92024
950000.0,3.0,4.0,4,1512.0,95111
1199800.0,4.0,4.0,8,2035.0,95131
1995000.0,2.0,4.0,4,2054.0,95120
1450000.0,3.0,4.0,4,1723.0,95123
1680000.0,2.0,4.0,4,1514.0,95130
809000.0,2.0,4.0,4,1400.0,92115
1149000.0,2.0,4.0,4,1400.0,95123
1368800.0,4.0,4.0,4,2210.0,95125
1550000.0,3.0,4.0,6,1886.0,92107
1250000.0,3.0,4.0,1,2268.0,92037
1188888.0,2.0,4.0,4,1572.0,95136
2250000.0,3.0,4.0,4,3300.0,92025
3900000.0,4.0,4.0,4,3270.0,92106
1599000.0,2.0,4.0,4,1880.0,95128
1250000.0,3.0,4.0,4,2220.0,92011
650000.0,2.0,4.0,4,1557.0,92114
1075000.0,3.0,4.0,1,1957.0,92127
1499000.0,3.0,4.0,4,2256.0,95123
2799000.0,4.0,4.0,4,4176.0,92024
980000.0,3.0,4.0,4,1734.0,92115
798000.0,2.0,4.0,4,1320.0,92119
2799000.0,4.0,4.0,4,1603.0,92024
1888000.0,3.0,4.0,4,2619.0,95117
310000.0,2.0,4.0,3,2130.0,95131
1174900.0,3.0,4.0,4,2264.0,92131
1149950.0,2.0,4.0,4,1618.0,95121
1550000.0,3.0,4.0,4,2451.0,92130
935000.0,2.0,4.0,0,1632.0,92127
599900.0,2.0,4.0,4,1296.0,92027
1675000.0,3.0,4.0,4,2075.0,92130
1299000.0,3.0,4.0,4,1900.0,92122
1699900.0,3.0,4.0,4,2800.0,95148
789000.0,2.0,4.0,4,1880.0,92113
750000.0,2.0,4.0,4,1911.0,92027
2795000.0,5.0,4.0,4,4570.0,92127
859999.0,3.0,4.0,4,1350.0,92105
1450000.0,3.0,4.0,6,1600.0,95110
1550000.0,3.0,4.0,4,2465.0,92107
1125000.0,3.0,4.0,4,3123.0,92025
1695000.0,2.0,4.0,4,1298.0,95124
1499000.0,3.0,4.0,4,2393.0,92024
3985000.0,5.0,4.0,4,5792.0,92024
2375000.0,3.0,4.0,4,1924.0,92037
724999.0,2.0,4.0,4,1633.0,92027
1999123.0,3.0,4.0,4,2283.0,92109
950000.0,3.0,4.0,0,1644.0,92117
730000.0,2.0,4.0,4,1789.0,92027
1249956.0,2.0,4.0,4,1563.0,95121
968000.0,2.0,4.0,4,1716.0,95122
2287000.0,2.0,4.0,4,1836.0,95130
2195000.0,3.0,4.0,4,2023.0,95120
1325000.0,3.0,4.0,0,2429.0,92122
935000.0,2.0,4.0,4,1354.0,95116
1295000.0,4.0,4.0,4,3009.0,92029
1399888.0,2.0,4.0,4,1967.0,95123
1699000.0,3.0,4.0,4,3088.0,92008
1299000.0,2.0,4.0,4,1598.0,95132
1595000.0,3.0,4.0,4,1510.0,92107
718300.0,2.0,4.0,4,1769.0,92114
1399000.0,3.0,4.0,4,1619.0,92106
1249000.0,2.0,4.0,4,2016.0,95116
1450000.0,3.0,4.0,4,2186.0,95123
980000.0,2.0,4.0,4,1353.0,95122
1295000.0,2.0,4.0,4,1536.0,95133
1200000.0,3.0,4.0,0,1941.0,92120
895000.0,2.0,4.0,4,1500.0,92115
600000.0,2.0,4.0,8,1302.0,92102
1595000.0,3.0,4.0,4,1930.0,92117
1275000.0,3.0,4.0,4,1931.0,95121
1600000.0,3.0,4.0,4,2736.0,95133
849000.0,3.0,4.0,4,2315.0,92027
994900.0,3.0,4.0,4,1796.0,92119
1990000.0,2.0,4.0,4,1857.0,95129
650000.0,2.0,4.0,0,1475.0,92114
675000.0,3.0,4.0,4,1547.0,92139
1199000.0,3.0,4.0,4,2524.0,92026
649888.0,3.0,4.0,4,1555.0,92113
1698300.0,4.0,4.0,4,3300.0,92129
4750000.0,3.0,4.0,1,2465.0,92008
849000.0,4.0,4.0,4,2400.0,92027
1679000.0,3.0,4.0,4,2887.0,92011
975000.0,3.0,4.0,4,1620.0,92117
745000.0,2.0,4.0,4,1568.0,92026
1050000.0,3.0,4.0,4,2472.0,92071
947000.0,2.0,4.0,4,1350.0,92119
1598000.0,2.0,4.0,4,1823.0,95117
1679000.0,3.0,4.0,4,2150.0,95131
574000.0,2.0,4.0,4,1487.0,92105
915000.0,2.0,4.0,4,1386.0,92120
1399900.0,3.0,4.0,4,2064.0,92129
2450000.0,4.0,4.0,4,2894.0,95135
875000.0,3.0,4.0,4,2635.0,92026
1599000.0,5.0,4.0,4,1914.0,92107
849000.0,2.0,4.0,6,1622.0,92025
899000.0,3.0,4.0,4,2138.0,92126
1390000.0,4.0,4.0,4,2085.0,92110
1250000.0,3.0,4.0,4,2124.0,95119
2295000.0,3.0,4.0,4,2224.0,92024
1200000.0,3.0,4.0,0,2118.0,92025
893500.0,3.0,4.0,4,2604.0,92027
530000.0,2.0,4.0,4,838.0,92113
889000.0,3.0,4.0,4,2523.0,92026
949900.0,3.0,4.0,4,1944.0,92115
1895000.0,3.0,4.0,4,2622.0,92110
949000.0,2.0,4.0,4,1778.0,92124
879000.0,2.0,4.0,4,1113.0,95111
1995000.0,3.0,4.0,4,2555.0,92103
925000.0,3.0,4.0,4,2402.0,92026
1198000.0,3.0,4.0,4,3255.0,92026
1050000.0,2.0,4.0,4,1378.0,95123
930000.0,2.0,4.0,4,1614.0,92126
1300000.0,3.0,4.0,4,3110.0,92026
1388888.0,2.0,4.0,4,1234.0,95131
1299999.0,3.0,4.0,4,2186.0,95125
1230000.0,3.0,4.0,4,2486.0,95132
1385000.0,3.0,4.0,4,2291.0,95121
2998000.0,4.0,4.0,4,4349.0,95126
4688888.0,5.0,4.0,4,5847.0,95138
2949000.0,3.0,4.0,4,3256.0,95125
1395000.0,3.0,4.0,4,2907.0,95127
1799000.0,3.0,4.0,4,2813.0,95123
1149000.0,2.0,4.0,4,1186.0,95126
875000.0,3.0,4.0,4,2278.0,92029
375000.0,2.0,4.0,3,1600.0,95123
1199000.0,2.0,4.0,4,1602.0,92008
328000.0,2.0,4.0,3,1540.0,95134
1489000.0,3.0,4.0,4,2210.0,95133
1599000.0,3.0,4.0,4,2672.0,92009
1650000.0,4.0,4.0,4,1974.0,92106
1148800.0,2.0,4.0,4,1491.0,95123
1249000.0,2.0,4.0,4,1876.0,95124
1299000.0,3.0,4.0,4,1649.0,92024
675000.0,2.0,4.0,4,1484.0,92114
1350000.0,5.0,4.0,7,2889.0,92025
4500000.0,2.0,4.0,4,2502.0,92109
1598000.0,3.0,4.0,4,1671.0,95124
1188000.0,2.0,4.0,4,1282.0,95128
1199999.0,3.0,4.0,4,1620.0,95118
1499000.0,3.0,4.0,4,2672.0,92009
789000.0,2.0,4.0,4,1742.0,92025
1875000.0,2.0,4.0,4,1742.0,95125
1168000.0,4.0,4.0,8,1707.0,95131
1550000.0,3.0,4.0,4,3037.0,92127
1199000.0,3.0,4.0,4,1960.0,95123
949000.0,2.0,4.0,4,1324.0,95127
998888.0,2.0,4.0,4,1873.0,95122
892800.0,3.0,4.0,4,2880.0,92026
2195000.0,3.0,4.0,4,2793.0,92103
1850000.0,4.0,4.0,4,2793.0,92130
1098888.0,2.0,4.0,4,1743.0,95139
1800000.0,4.0,4.0,4,3395.0,92011
1688000.0,4.0,4.0,4,2214.0,95120
1199990.0,3.0,4.0,4,2056.0,95127
1099999.0,3.0,4.0,4,1954.0,95136
1995000.0,4.0,4.0,4,2682.0,92106
569000.0,2.0,4.0,4,1310.0,92114
1200000.0,2.0,4.0,4,1661.0,92117
1999000.0,3.0,4.0,4,2316.0,95120
1995000.0,3.0,4.0,4,2240.0,95120
2299000.0,3.0,4.0,0,2465.0,92037
1645000.0,3.0,4.0,4,1781.0,95148
1949000.0,3.0,4.0,4,1758.0,95129
1598000.0,3.0,4.0,4,2613.0,92110
1399999.0,2.0,4.0,4,1639.0,95148
1150000.0,2.0,4.0,4,1738.0,92008
679000.0,3.0,4.0,7,2021.0,92113
1549000.0,4.0,4.0,4,2000.0,92114
900000.0,3.0,4.0,4,2171.0,92027
1875000.0,3.0,4.0,4,2478.0,92008
925000.0,2.0,4.0,4,1918.0,92126
1800000.0,3.0,4.0,4,2247.0,95124
1590000.0,3.0,4.0,4,1976.0,95118
1395000.0,4.0,4.0,4,2153.0,95136
1999800.0,3.0,4.0,4,2748.0,95128
1500000.0,3.0,4.0,4,1932.0,95148
2000000.0,4.0,4.0,4,2748.0,92106
649000.0,2.0,4.0,4,1481.0,92027
1295000.0,2.0,4.0,4,1554.0,95118
1299000.0,4.0,4.0,4,2792.0,92029
899000.0,3.0,4.0,4,1929.0,92124
725000.0,2.0,4.0,4,1865.0,92139
1139000.0,3.0,4.0,4,2547.0,92120
799000.0,4.0,4.0,4,2970.0,92027
179000.0,2.0,4.0,3,1344.0,95131
2975000.0,3.0,4.0,0,2835.0,92024
1349000.0,4.0,4.0,8,2170.0,95131
1425000.0,3.0,4.0,6,2700.0,92116
1198888.0,3.0,4.0,4,1347.0,95123
890000.0,2.0,4.0,6,1496.0,92117
1450000.0,4.0,4.0,4,2889.0,92025
985211.0,3.0,4.0,4,1647.0,95131
3995000.0,4.0,4.0,4,3717.0,92037
649000.0,2.0,4.0,4,1736.0,92114
899000.0,2.0,4.0,4,1350.0,92119
1099000.0,3.0,4.0,4,1986.0,92024
850900.0,3.0,4.0,4,1724.0,92010
849000.0,2.0,4.0,4,1697.0,92119
1350000.0,4.0,4.0,4,1899.0,92101
1399999.0,3.0,4.0,4,1620.0,95118
2595000.0,4.0,4.0,4,3071.0,92130
600000.0,4.0,4.0,8,1831.0,92154
690000.0,3.0,4.0,4,1614.0,92027
559000.0,3.0,4.0,8,1701.0,92139
1749000.0,3.0,4.0,4,3000.0,95132
1149000.0,2.0,4.0,4,1102.0,95118
1249000.0,3.0,4.0,4,2346.0,92009
825000.0,2.0,4.0,2,1404.0,92119
1099000.0,3.0,4.0,4,2038.0,92119
1795000.0,3.0,4.0,4,2700.0,92027
1299888.0,2.0,4.0,4,1868.0,95123
1025000.0,2.0,4.0,4,1988.0,92127
1298000.0,2.0,4.0,4,1926.0,95123
1699950.0,3.0,4.0,4,1676.0,95124
1250000.0,3.0,4.0,4,2468.0,92129
2939000.0,4.0,4.0,4,3458.0,92103
999900.0,3.0,4.0,4,2100.0,92124
1349000.0,5.0,4.0,4,3370.0,92029
1598888.0,3.0,4.0,4,3000.0,95148
950000.0,3.0,4.0,4,1446.0,92116
1329000.0,2.0,4.0,4,1895.0,95136
875000.0,2.0,4.0,4,1649.0,92126
1899888.0,2.0,4.0,4,1890.0,92024
949000.0,2.0,4.0,4,1909.0,92117
615000.0,2.0,4.0,4,1174.0,92114
1495000.0,3.0,4.0,4,2006.0,92109
1800000.0,2.0,4.0,4,1928.0,92109
1049998.0,3.0,4.0,4,1626.0,95116
1499000.0,3.0,4.0,4,2704.0,95136
944900.0,1.0,4.0,4,1178.0,92103
875000.0,2.0,4.0,4,1400.0,92123
2650000.0,3.0,4.0,4,2192.0,92007
2299000.0,5.0,4.0,4,6398.0,92009
2425000.0,3.0,4.0,4,2347.0,95124
3285000.0,4.0,4.0,4,3011.0,92037
1389888.0,3.0,4.0,4,1908.0,95123
2299800.0,4.0,4.0,4,2071.0,95125
974900.0,3.0,4.0,4,2000.0,92123
859000.0,3.0,4.0,8,1954.0,95133
2495000.0,3.0,4.0,4,2589.0,92106
825000.0,3.0,4.0,0,2389.0,92114
1250000.0,2.0,4.0,4,1817.0,92124
674999.0,3.0,4.0,4,1696.0,92154
4200000.0,5.0,4.0,4,4450.0,92037
1250000.0,2.0,4.0,4,1636.0,92117
1650000.0,2.0,4.0,4,1740.0,95110
599000.0,2.0,4.0,4,857.0,92027
1295000.0,2.0,4.0,4,1435.0,95128
650000.0,3.0,4.0,4,1715.0,92114
3275000.0,4.0,4.0,4,2991.0,92007
2749000.0,3.0,4.0,4,2338.0,92037
1888000.0,3.0,4.0,4,2613.0,95110
1249000.0,2.0,4.0,4,2051.0,95126
1995000.0,3.0,4.0,4,2298.0,92037
1250000.0,4.0,4.0,8,2002.0,95136
1099000.0,3.0,4.0,4,2323.0,92011
650000.0,2.0,4.0,4,1973.0,92113
1279000.0,1.0,4.0,4,1140.0,95124
3795000.0,3.0,4.0,4,2953.0,92037
869900.0,2.0,4.0,4,1616.0,92117
748300.0,3.0,4.0,0,2400.0,92025
1800000.0,4.0,4.0,4,4184.0,92025
2790000.0,4.0,4.0,4,3684.0,95138
3150000.0,3.0,4.0,4,3386.0,92024
1220000.0,3.0,4.0,4,1994.0,92129
1325000.0,3.0,4.0,4,2944.0,92110
789000.0,2.0,4.0,4,1727.0,92025
1075000.0,3.0,4.0,4,2028.0,92115
1575000.0,3.0,4.0,4,2542.0,92029
2859000.0,5.0,4.0,4,5947.0,92029
3200000.0,3.0,5.0,6,2730.0,92014
745000.0,2.0,5.0,4,1602.0,92154
3575000.0,6.0,5.0,4,3597.0,92037
775000.0,3.0,5.0,4,2051.0,92027
799000.0,4.0,5.0,4,2800.0,92026
3699000.0,5.0,5.0,4,4669.0,95120
2990000.0,5.0,5.0,4,3007.0,92024
2299999.0,4.0,5.0,4,3208.0,92103
1079000.0,4.0,5.0,4,3376.0,92027
844999.0,3.0,5.0,4,2175.0,92027
1599000.0,3.0,5.0,4,3450.0,92008
3088000.0,4.0,5.0,4,3118.0,95120
2798000.0,4.0,5.0,4,2997.0,95032
1750000.0,3.0,5.0,4,2280.0,95120
849000.0,3.0,5.0,4,1486.0,92126
1350000.0,4.0,5.0,4,2244.0,92117
1895000.0,4.0,5.0,4,3050.0,92127
995000.0,3.0,5.0,4,2322.0,92126
6450000.0,6.0,5.0,4,4638.0,92011
999000.0,2.0,5.0,4,2068.0,95148
899900.0,2.0,5.0,4,1888.0,92119
2399000.0,5.0,5.0,4,4130.0,92130
3600000.0,6.0,5.0,4,5480.0,92024
1730000.0,5.0,5.0,4,3620.0,92129
6500000.0,6.0,5.0,4,4085.0,92008
689000.0,3.0,5.0,4,2003.0,92173
3850000.0,5.0,5.0,0,4985.0,92024
1595000.0,4.0,5.0,4,3345.0,92009
2750000.0,5.0,5.0,4,4436.0,92009
3495000.0,5.0,5.0,4,3528.0,95125
3599000.0,6.0,5.0,7,4365.0,92106
1699000.0,4.0,5.0,4,3028.0,92127
827300.0,3.0,5.0,4,2021.0,92154
1949000.0,3.0,5.0,4,2367.0,95120
1650000.0,5.0,5.0,4,3424.0,92009
2100000.0,2.0,5.0,4,2974.0,92026
2795000.0,4.0,5.0,4,2792.0,92024
3150000.0,5.0,5.0,4,3900.0,95125
1649000.0,5.0,5.0,4,2230.0,92117
2999000.0,4.0,5.0,4,3634.0,92008
1450000.0,4.0,5.0,4,2902.0,95116
2399000.0,5.0,5.0,4,4225.0,92009
1648300.0,5.0,5.0,4,3797.0,92026
1889900.0,5.0,5.0,4,4178.0,92120
2649900.0,6.0,5.0,4,4613.0,92024
1979000.0,4.0,5.0,4,3055.0,92104
699000.0,2.0,5.0,8,1750.0,92126
1583000.0,3.0,5.0,4,2423.0,95118
1150000.0,2.0,5.0,6,2160.0,92115
1988000.0,4.0,5.0,4,4008.0,92128
5250000.0,6.0,5.0,4,5695.0,92024
1280000.0,3.0,5.0,4,2989.0,92131
1498888.0,3.0,5.0,4,2501.0,95132
2295000.0,5.0,5.0,4,4381.0,92011
2196000.0,4.0,5.0,4,3532.0,92008
3907000.0,5.0,5.0,7,3552.0,92109
1895000.0,5.0,5.0,4,3590.0,92009
825000.0,3.0,5.0,4,1960.0,92102
2699900.0,4.0,5.0,4,3358.0,92103
3250000.0,4.0,5.0,4,3000.0,92106
3299000.0,6.0,5.0,4,4812.0,92008
1750000.0,3.0,5.0,4,3084.0,92116
1150000.0,4.0,5.0,4,3012.0,92026
1259000.0,3.0,5.0,4,2098.0,92120
2690100.0,5.0,5.0,4,5481.0,92127
1075000.0,2.0,5.0,6,2068.0,92115
1399000.0,3.0,5.0,4,2000.0,92008
570000.0,2.0,5.0,0,1433.0,92114
824900.0,3.0,5.0,4,2021.0,92154
1539000.0,3.0,5.0,6,1666.0,92104
945000.0,3.0,5.0,4,2301.0,92126
2695000.0,5.0,5.0,4,3223.0,92110
2530000.0,5.0,5.0,4,4183.0,92130
3600000.0,6.0,5.0,4,5666.0,92127
799900.0,3.0,5.0,4,1810.0,92114
2050000.0,4.0,5.0,4,3440.0,92110
2999999.0,4.0,5.0,4,3583.0,92107
1749999.0,3.0,5.0,4,2533.0,95133
1480000.0,3.0,5.0,4,2623.0,92131
639900.0,3.0,5.0,8,1851.0,92154
2890000.0,7.0,5.0,4,5335.0,92067
2590000.0,4.0,5.0,4,3609.0,92130
1200000.0,2.0,5.0,4,1450.0,92173
1350000.0,3.0,5.0,4,1876.0,95132
1398000.0,3.0,5.0,4,2397.0,95123
1300000.0,3.0,5.0,4,2740.0,92129
1399000.0,3.0,5.0,4,2236.0,95136
925000.0,4.0,5.0,4,2435.0,92027
1300000.0,3.0,5.0,4,2506.0,92129
1049000.0,3.0,5.0,4,2273.0,92120
3300000.0,4.0,5.0,4,3050.0,92109
2350000.0,4.0,5.0,4,3014.0,95138
2000000.0,3.0,5.0,4,3517.0,92131
1086000.0,3.0,5.0,4,2227.0,92127
999500.0,5.0,5.0,4,3475.0,92027
730000.0,3.0,5.0,4,1756.0,92154
1649000.0,2.0,5.0,4,1918.0,95117
1949900.0,4.0,5.0,0,3050.0,92127
1895000.0,4.0,5.0,4,2948.0,92007
1860000.0,4.0,5.0,4,2842.0,95112
3900000.0,5.0,5.0,4,3865.0,92024
629000.0,3.0,5.0,4,1460.0,92154
1399000.0,3.0,5.0,4,1937.0,95123
3200000.0,5.0,5.0,4,3629.0,92014
3350000.0,6.0,5.0,4,4627.0,92127
999555.0,2.0,5.0,4,1703.0,95110
734900.0,3.0,5.0,4,1567.0,92114
4290000.0,4.0,5.0,4,3903.0,92014
2288000.0,6.0,5.0,4,4873.0,92009
775000.0,3.0,5.0,4,2028.0,92154
1299000.0,3.0,5.0,4,1831.0,92024
1300000.0,3.0,5.0,4,2800.0,92115
1349000.0,3.0,5.0,4,2328.0,92129
2768500.0,3.0,5.0,4,3155.0,95135
1099000.0,5.0,5.0,4,3920.0,92026
1349000.0,4.0,5.0,4,2576.0,92010
1895000.0,4.0,5.0,4,2000.0,92109
2599000.0,3.0,5.0,4,2566.0,95124
949000.0,3.0,5.0,4,3120.0,92025
1575000.0,4.0,5.0,4,2052.0,95132
2695000.0,4.0,5.0,1,3306.0,92130
819000.0,3.0,5.0,4,1955.0,92105
3900000.0,5.0,5.0,4,4477.0,95138
1550000.0,4.0,5.0,6,2570.0,92008
1679999.0,3.0,5.0,4,2184.0,92110
3974000.0,6.0,5.0,4,3700.0,92024
2650000.0,5.0,5.0,4,4817.0,92009
1999888.0,3.0,5.0,4,2681.0,95135
1298000.0,2.0,5.0,4,1910.0,95123
3500000.0,4.0,5.0,4,3615.0,92037
1499000.0,4.0,5.0,4,2285.0,92024
990000.0,3.0,5.0,4,2438.0,92119
1470000.0,3.0,5.0,4,2606.0,95148
1799800.0,3.0,5.0,4,2940.0,95133
4399000.0,6.0,5.0,1,2605.0,92109
1350000.0,3.0,5.0,4,1800.0,92110
2995000.0,6.0,6.0,6,1810.0,92103
2799000.0,5.0,6.0,6,3060.0,92109
4199900.0,8.0,6.0,7,7500.0,92067
6200000.0,7.0,6.0,4,7088.0,95126
6999000.0,7.0,6.0,4,7500.0,92127
2250000.0,6.0,6.0,6,2390.0,92109
2599000.0,6.0,6.0,4,4957.0,92009
1829000.0,3.0,6.0,4,3270.0,92104
999999.0,3.0,6.0,4,3158.0,92114
1380000.0,5.0,6.0,6,3488.0,95111
3800000.0,6.0,6.0,4,4091.0,92037
2798000.0,5.0,6.0,4,3820.0,92103
4200000.0,6.0,6.0,4,5066.0,92024
2400000.0,5.0,6.0,4,6014.0,92025
1488000.0,3.0,6.0,0,3036.0,92131
2449900.0,5.0,6.0,4,4340.0,92131
1600000.0,4.0,6.0,4,4139.0,92025
3695000.0,6.0,6.0,4,3377.0,92014
799900.0,5.0,6.0,4,2518.0,92102
4200000.0,4.0,6.0,4,4200.0,92014
1549000.0,5.0,6.0,6,3150.0,92105
4199900.0,8.0,6.0,7,7500.0,92067
849000.0,4.0,6.0,4,2800.0,92027
5495000.0,8.0,6.0,4,8915.0,92009
5495000.0,8.0,6.0,4,8915.0,92009
968000.0,4.0,6.0,4,1232.0,95122
2820000.0,3.0,6.0,6,2773.0,92008
750000.0,3.0,6.0,6,2200.0,92105
1625000.0,4.0,6.0,4,3466.0,92008
7295000.0,8.0,6.0,7,6644.0,92014
1450000.0,5.0,7.0,4,2718.0,95128
1800000.0,3.0,7.0,4,2040.0,95112
3350000.0,5.0,7.0,4,6282.0,92116
1699000.0,4.0,7.0,6,2600.0,92104
1570000.0,5.0,7.0,6,2976.0,95112
4300000.0,8.0,7.0,4,7191.0,92024
2800000.0,5.0,7.0,4,4130.0,92130
748000.0,4.0,7.0,4,1847.0,92113
817530.0,3.0,7.0,4,2364.0,92126
1999888.0,3.0,7.0,4,2655.0,95124
1059000.0,5.0,8.0,6,3231.0,92115
1700000.0,6.0,8.0,6,3479.0,95116
1199000.0,4.0,8.0,4,1448.0,95116
2599000.0,5.0,8.0,6,5069.0,95112
