,price,bathrooms,bedrooms,area,zestimate,rent_zestimate,listing_type
8,2799900.0,4.0,4.0,3164.0 ,2951100.0,8486.0,House for sale
12,1695000.0,2.0,4.0,2132.0 ,1714700.0,3200.0,House for sale
15,779000.0,3.0,2.0,1282.0 ,774700.0,3566.0,Condo for sale
23,1299000.0,2.0,4.0,1383.0 ,1407700.0,3599.0,House for sale
31,1050000.0,3.0,4.0,2023.0 ,925800.0,4054.0,Coming soon
32,774999.0,2.0,2.0,1008.0 ,692400.0,2699.0,House for sale
34,724900.0,3.0,3.0,1686.0 ,739600.0,3200.0,House for sale
39,578800.0,2.0,2.0,922.0 ,578805.0,2596.0,Condo for sale
44,1548800.0,2.0,3.0,1540.0 ,1638238.0,3949.0,House for sale
45,1250000.0,3.0,3.0,1855.0 ,1045000.0,3896.0,Coming soon
46,949900.0,3.0,3.0,1444.0 ,941900.0,3197.0,House for sale
48,1200000.0,2.0,3.0,1983.0 ,1343100.0,3984.0,House for sale
49,1499000.0,3.0,4.0,1930.0 ,1494100.0,4093.0,House for sale
55,630000.0,2.0,3.0,1130.0 ,608600.0,2684.0,House for sale
59,818900.0,2.0,3.0,1422.0 ,822491.0,3438.0,House for sale
61,499900.0,3.0,2.0,1219.0 ,432400.0,2497.0,Coming soon
66,649900.0,2.0,3.0,1362.0 ,660200.0,3069.0,Condo for sale
68,1995000.0,4.0,4.0,3625.0 ,2039700.0,7411.0,House for sale
70,1690000.0,2.0,3.0,1588.0 ,1772900.0,4891.0,House for sale
71,395000.0,2.0,2.0,1820.0 ,399100.0,3200.0,Home for sale
73,488000.0,2.0,2.0,955.0 ,502901.0,2400.0,Condo for sale
74,2060000.0,4.0,3.0,2804.0 ,2102100.0,7246.0,House for sale
77,419000.0,1.0,1.0,535.0 ,365500.0,1880.0,Condo for sale
79,799000.0,2.0,2.0,1412.0 ,773300.0,3733.0,Condo for sale
80,1199000.0,4.0,3.0,1800.0 ,1199122.0,3750.0,New construction
86,515900.0,2.0,2.0,866.0 ,532541.0,2281.0,Condo for sale
88,416000.0,1.0,1.0,658.0 ,415223.0,2190.0,Condo for sale
89,514888.0,1.0,1.0,845.0 ,514900.0,2490.0,Condo for sale
91,886000.0,2.0,2.0,1371.0 ,933004.0,3300.0,Condo for sale
93,1369000.0,2.0,4.0,1669.0 ,1512877.0,3919.0,House for sale
94,818000.0,2.0,2.0,986.0 ,847700.0,2648.0,Condo for sale
97,579950.0,1.0,1.0,808.0 ,598408.0,2221.0,Condo for sale
101,5895000.0,4.0,4.0,1784.0 ,5769300.0,9321.0,House for sale
103,3875000.0,2.0,2.0,892.0 ,3829780.0,3499.0,House for sale
107,1200000.0,2.0,3.0,1115.0 ,1018600.0,3940.0,House for sale
112,899000.0,2.0,3.0,1678.0 ,899000.0,3523.0,House for sale
113,859000.0,2.0,3.0,1200.0 ,899700.0,3449.0,House for sale
114,69900.0,1.0,1.0,756.0 ,113400.0,1862.0,Home for sale
115,1072000.0,2.0,3.0,1384.0 ,1009500.0,3247.0,House for sale
117,11265000.0,8.0,6.0,5574.0 ,10676000.0,33714.0,House for sale
119,750000.0,3.0,3.0,1306.0 ,804700.0,3200.0,Townhouse for sale
121,699000.0,2.0,2.0,1311.0 ,703500.0,2821.0,House for sale
130,975000.0,2.0,4.0,1895.0 ,1005500.0,4169.0,House for sale
134,745000.0,2.0,5.0,1602.0 ,778700.0,3399.0,House for sale
142,919900.0,2.0,3.0,1325.0 ,917900.0,3567.0,House for sale
150,1450000.0,2.0,3.0,1211.0 ,1568311.0,3699.0,House for sale
152,837900.0,3.0,4.0,2357.0 ,842948.0,3696.0,House for sale
157,3575000.0,6.0,5.0,3597.0 ,3575000.0,11070.0,House for sale
164,1200000.0,2.0,4.0,1408.0 ,1248007.0,3949.0,House for sale
169,879900.0,3.0,3.0,1512.0 ,948200.0,3696.0,House for sale
171,1174950.0,3.0,3.0,1451.0 ,1257148.0,3407.0,Condo for sale
173,549000.0,2.0,3.0,1656.0 ,560000.0,3058.0,Home for sale
176,1098000.0,2.0,3.0,1080.0 ,1215100.0,3262.0,House for sale
177,779000.0,3.0,2.0,1042.0 ,816769.0,2812.0,Townhouse for sale
178,399500.0,1.0,2.0,882.0 ,441800.0,2298.0,Condo for sale
185,219000.0,1.0,1.0,378.0 ,231600.0,1397.0,House for sale
187,1275000.0,2.0,4.0,2124.0 ,1324700.0,3863.0,House for sale
189,267400.0,2.0,3.0,1546.0 ,263400.0,3999.0,Home for sale
191,1000000.0,2.0,3.0,1210.0 ,1155300.0,3714.0,House for sale
196,2895000.0,3.0,4.0,2903.0 ,3341200.0,6528.0,House for sale
199,824900.0,2.0,3.0,1435.0 ,737000.0,3522.0,Multi-family home for sale
200,619000.0,2.0,3.0,1476.0 ,623300.0,3310.0,Condo for sale
203,875000.0,3.0,2.0,1130.0 ,927098.0,3084.0,Townhouse for sale
205,506900.0,2.0,2.0,1035.0 ,512500.0,2300.0,Condo for sale
209,1399000.0,2.0,4.0,1852.0 ,1218900.0,4940.0,Coming soon
212,1399000.0,4.0,4.0,4283.0 ,1376100.0,9146.0,House for sale
216,625000.0,1.0,3.0,1080.0 ,622300.0,2999.0,House for sale
218,374900.0,1.0,0.0,744.0 ,356700.0,2100.0,Condo for sale
220,780000.0,3.0,2.0,1353.0 ,824113.0,3195.0,Condo for sale
240,1230000.0,3.0,3.0,1545.0 ,1306005.0,3499.0,Townhouse for sale
242,269900.0,1.0,0.0,480.0 ,237400.0,2699.0,Condo for sale
248,775000.0,3.0,5.0,2051.0 ,795200.0,3499.0,House for sale
249,979000.0,2.0,3.0,1482.0 ,1033100.0,3869.0,House for sale
252,99500.0,1.0,1.0,729.0 ,101400.0,2005.0,Home for sale
255,249470.0,2.0,3.0,1440.0 ,249500.0,3448.0,Home for sale
263,1200000.0,2.0,3.0,1006.0 ,1250600.0,2803.0,House for sale
268,749000.0,2.0,3.0,940.0 ,780659.0,3266.0,House for sale
271,995000.0,2.0,2.0,1215.0 ,945600.0,3364.0,Multi-family home for sale
272,799000.0,4.0,5.0,2800.0 ,826800.0,4052.0,House for sale
279,599000.0,2.0,3.0,1080.0 ,602300.0,2864.0,House for sale
285,254900.0,2.0,2.0,1632.0 ,200700.0,4200.0,Home for sale
286,599000.0,2.0,3.0,1038.0 ,612700.0,2799.0,House for sale
287,769000.0,3.0,4.0,1991.0 ,745600.0,3497.0,House for sale
288,899950.0,2.0,3.0,1130.0 ,950508.0,3499.0,House for sale
299,745000.0,2.0,3.0,1336.0 ,778800.0,3062.0,House for sale
315,414900.0,1.0,1.0,671.0 ,421200.0,2363.0,Condo for sale
323,1788000.0,2.0,4.0,1898.0 ,1954623.0,4690.0,House for sale
331,530000.0,2.0,2.0,918.0 ,549274.0,2400.0,Condo for sale
332,678000.0,1.0,2.0,907.0 ,706087.0,2499.0,Condo for sale
336,1164900.0,3.0,4.0,2133.0 ,1213100.0,3814.0,House for sale
344,525000.0,2.0,2.0,1960.0 ,525004.0,3128.0,Home for sale
345,1044900.0,3.0,4.0,1500.0 ,1094657.0,3565.0,House for sale
351,3699000.0,5.0,5.0,4669.0 ,3875708.0,6813.0,House for sale
357,489000.0,2.0,2.0,1440.0 ,489000.0,3140.0,Home for sale
361,875000.0,2.0,4.0,1498.0 ,920900.0,3897.0,House for sale
374,1475000.0,2.0,4.0,1870.0 ,1580200.0,4209.0,House for sale
379,1198950.0,2.0,4.0,1542.0 ,1256849.0,3800.0,House for sale
385,1189999.0,3.0,3.0,1352.0 ,1268046.0,3384.0,House for sale
387,679900.0,2.0,4.0,1184.0 ,653600.0,2849.0,House for sale
392,768000.0,3.0,3.0,1598.0 ,790900.0,3294.0,House for sale
393,1399999.0,3.0,4.0,2620.0 ,1258000.0,4500.0,Coming soon
395,1749000.0,3.0,4.0,2477.0 ,1782300.0,3579.0,Coming soon
399,1200000.0,4.0,4.0,2800.0 ,1197300.0,4713.0,House for sale
415,4288000.0,5.0,4.0,5425.0 ,4492190.0,7012.0,House for sale
416,2990000.0,5.0,5.0,3007.0 ,2951100.0,9911.0,House for sale
417,1395000.0,1.0,2.0,984.0 ,1395000.0,3695.0,House for sale
418,509000.0,1.0,0.0,519.0 ,513300.0,2777.0,Condo for sale
425,1450000.0,5.0,7.0,2718.0 ,1653100.0,5814.0,House for sale
429,2299999.0,4.0,5.0,3208.0 ,2300100.0,7327.0,House for sale
433,899900.0,3.0,3.0,1718.0 ,916100.0,3928.0,Condo for sale
435,649000.0,2.0,3.0,1331.0 ,660999.0,2928.0,House for sale
440,9900000.0,6.0,4.0,5004.0 ,9680000.0,31746.0,House for sale
443,499000.0,2.0,3.0,1040.0 ,524100.0,2796.0,Condo for sale
462,949000.0,3.0,3.0,1338.0 ,905300.0,4067.0,Condo for sale
464,675000.0,2.0,3.0,1522.0 ,691000.0,3200.0,House for sale
467,689000.0,3.0,4.0,1700.0 ,701900.0,3499.0,House for sale
479,919000.0,2.0,3.0,1614.0 ,920400.0,3549.0,House for sale
495,1150000.0,2.0,3.0,2073.0 ,1187987.0,3977.0,Condo for sale
497,238888.0,2.0,2.0,1120.0 ,239000.0,2749.0,Home for sale
498,4199900.0,8.0,6.0,7500.0 ,4145000.0,16704.0,New construction
500,959000.0,3.0,4.0,3020.0 ,987047.0,4187.0,House for sale
501,1950000.0,3.0,4.0,2700.0 ,2015300.0,7154.0,House for sale
504,570000.0,3.0,3.0,1574.0 ,584400.0,3013.0,House for sale
505,1398898.0,1.0,2.0,1208.0 ,1490104.0,3279.0,House for sale
506,1595000.0,3.0,3.0,1672.0 ,1663357.0,4250.0,House for sale
508,928200.0,2.0,4.0,1645.0 ,955469.0,3863.0,House for sale
516,550000.0,2.0,3.0,2026.0 ,550300.0,3229.0,Home for sale
518,279900.0,1.0,0.0,311.0 ,281000.0,3428.0,House for sale
527,1150000.0,3.0,3.0,1512.0 ,1204003.0,3669.0,Townhouse for sale
535,515000.0,1.0,1.0,665.0 ,493700.0,2027.0,Condo for sale
540,1195000.0,2.0,3.0,1964.0 ,1256810.0,3668.0,House for sale
545,1079000.0,4.0,5.0,3376.0 ,1090000.0,4970.0,House for sale
554,844999.0,3.0,5.0,2175.0 ,869500.0,3668.0,House for sale
555,639000.0,2.0,3.0,1662.0 ,589500.0,3200.0,House for sale
559,549900.0,3.0,3.0,1288.0 ,555200.0,2796.0,Condo for sale
564,839000.0,2.0,2.0,1662.0 ,867351.0,3134.0,Condo for sale
567,1800000.0,3.0,7.0,2040.0 ,1916733.0,4784.0,House for sale
571,4995000.0,3.0,4.0,3000.0 ,4878500.0,16557.0,House for sale
572,400000.0,1.0,1.0,831.0 ,416000.0,1950.0,Condo for sale
573,848888.0,2.0,2.0,1622.0 ,890046.0,3095.0,Condo for sale
575,750000.0,3.0,4.0,1934.0 ,779300.0,3499.0,House for sale
582,725000.0,2.0,3.0,1040.0 ,729700.0,3234.0,House for sale
583,599000.0,1.0,1.0,876.0 ,618024.0,2298.0,Condo for sale
592,1750000.0,3.0,4.0,2008.0 ,1818700.0,6425.0,House for sale
593,398000.0,1.0,1.0,1050.0 ,398800.0,2300.0,Coming soon
597,929900.0,3.0,2.0,1704.0 ,933490.0,3549.0,Condo for sale
601,1350000.0,3.0,4.0,2124.0 ,1349800.0,4198.0,House for sale
606,1999000.0,2.0,4.0,2440.0 ,2100350.0,4988.0,House for sale
607,930000.0,3.0,3.0,1470.0 ,890900.0,3663.0,Townhouse for sale
614,3088000.0,4.0,5.0,3118.0 ,3356521.0,6410.0,House for sale
615,575000.0,2.0,2.0,955.0 ,609499.0,2662.0,Condo for sale
618,1568000.0,2.0,4.0,1655.0 ,1675964.0,3897.0,House for sale
625,707000.0,3.0,4.0,1776.0 ,722100.0,3362.0,House for sale
627,700000.0,2.0,2.0,984.0 ,726111.0,2699.0,Condo for sale
628,2900000.0,5.0,4.0,5428.0 ,2900100.0,7733.0,House for sale
634,2798000.0,4.0,5.0,2997.0 ,3061011.0,6425.0,House for sale
638,1750000.0,3.0,5.0,2280.0 ,1920062.0,4800.0,House for sale
641,1400000.0,2.0,3.0,1421.0 ,1380500.0,4500.0,House for sale
642,785000.0,2.0,3.0,1157.0 ,818600.0,3449.0,House for sale
649,3495000.0,3.0,3.0,2572.0 ,3495000.0,12013.0,House for sale
656,565000.0,1.0,1.0,748.0 ,589600.0,2540.0,Condo for sale
657,1289000.0,3.0,3.0,2171.0 ,1141200.0,6423.0,Condo for sale
661,1399888.0,2.0,3.0,1478.0 ,1525967.0,4097.0,House for sale
667,898000.0,4.0,3.0,1531.0 ,933282.0,3599.0,Townhouse for sale
680,365000.0,1.0,2.0,700.0 ,375000.0,2070.0,Condo for sale
690,849000.0,3.0,5.0,1486.0 ,778200.0,4167.0,House for sale
693,798000.0,2.0,2.0,986.0 ,826138.0,2648.0,Condo for sale
696,855000.0,2.0,3.0,1900.0 ,843800.0,3799.0,Condo for sale
699,489000.0,2.0,3.0,1224.0 ,501700.0,2799.0,Condo for sale
704,429900.0,1.0,2.0,824.0 ,378000.0,2026.0,House for sale
720,1350000.0,4.0,5.0,2244.0 ,1385500.0,5850.0,House for sale
724,1299000.0,3.0,3.0,1960.0 ,1326600.0,3895.0,House for sale
725,729900.0,2.0,3.0,1400.0 ,746600.0,2999.0,House for sale
726,429900.0,2.0,2.0,2176.0 ,531800.0,3800.0,Home for sale
727,1020900.0,3.0,4.0,2172.0 ,1033600.0,3764.0,House for sale
730,760000.0,3.0,4.0,2092.0 ,774600.0,3905.0,House for sale
733,520000.0,1.0,1.0,708.0 ,534979.0,2462.0,Condo for sale
734,439000.0,1.0,2.0,810.0 ,455700.0,2187.0,Condo for sale
735,1049990.0,3.0,3.0,1673.0 ,909800.0,3184.0,House for sale
738,879900.0,2.0,3.0,1800.0 ,611200.0,2795.0,House for sale
741,1299950.0,2.0,4.0,1642.0 ,1428100.0,3962.0,House for sale
748,1185000.0,3.0,3.0,1508.0 ,1040300.0,3528.0,House for sale
752,1895000.0,4.0,5.0,3050.0 ,1939100.0,5400.0,House for sale
757,419000.0,1.0,2.0,836.0 ,433100.0,2195.0,Condo for sale
759,375000.0,1.0,2.0,748.0 ,410900.0,2368.0,Condo for sale
775,899000.0,2.0,3.0,1048.0 ,913800.0,3463.0,House for sale
776,829000.0,2.0,2.0,1662.0 ,857013.0,3134.0,Condo for sale
786,749000.0,3.0,3.0,1933.0 ,759300.0,3551.0,House for sale
792,1500000.0,4.0,4.0,1765.0 ,942900.0,3726.0,Condo for sale
800,470000.0,2.0,3.0,1183.0 ,481700.0,2761.0,Townhouse for sale
802,648000.0,2.0,2.0,998.0 ,684019.0,2699.0,Condo for sale
806,825000.0,2.0,4.0,1250.0 ,836600.0,3785.0,Coming soon
815,1200000.0,3.0,4.0,2007.0 ,1245000.0,4300.0,Coming soon
819,265000.0,1.0,1.0,551.0 ,280100.0,1662.0,Condo for sale
820,1339000.0,6.0,4.0,3701.0 ,1391400.0,4918.0,House for sale
827,599800.0,1.0,1.0,719.0 ,611807.0,2195.0,Condo for sale
833,995000.0,3.0,5.0,2322.0 ,1020500.0,3936.0,House for sale
837,599000.0,2.0,3.0,1686.0 ,650600.0,3628.0,Townhouse for sale
845,475000.0,2.0,2.0,907.0 ,492000.0,2295.0,Condo for sale
850,6450000.0,6.0,5.0,4638.0 ,6297900.0,20965.0,House for sale
856,328000.0,2.0,2.0,1440.0 ,328000.0,3128.0,Home for sale
859,989000.0,3.0,3.0,1947.0 ,1048200.0,4200.0,House for sale
861,8200000.0,6.0,5.0,3348.0 ,7978400.0,26812.0,New construction
862,629000.0,2.0,2.0,1199.0 ,629800.0,2997.0,Condo for sale
864,6200000.0,7.0,6.0,7088.0 ,6520779.0,10790.0,House for sale
875,2099000.0,3.0,3.0,1908.0 ,2197600.0,5928.0,House for sale
878,490000.0,1.0,1.0,870.0 ,493600.0,2343.0,Condo for sale
879,999000.0,2.0,3.0,1515.0 ,1062600.0,3714.0,House for sale
880,825000.0,3.0,4.0,1659.0 ,846600.0,3305.0,House for sale
882,1039900.0,2.0,3.0,1000.0 ,1106300.0,3204.0,House for sale
883,470000.0,1.0,1.0,736.0 ,486491.0,2484.0,Condo for sale
887,725000.0,2.0,4.0,1200.0 ,788600.0,3013.0,House for sale
894,800000.0,1.0,2.0,910.0 ,729300.0,3332.0,House for sale
897,670000.0,2.0,3.0,1572.0 ,726900.0,3170.0,House for sale
900,1000000.0,3.0,4.0,1600.0 ,971800.0,3612.0,Condo for sale
901,1099000.0,4.0,4.0,2626.0 ,1122100.0,4529.0,House for sale
903,999000.0,2.0,5.0,2068.0 ,1081400.0,4570.0,House for sale
906,350000.0,2.0,2.0,1140.0 ,363125.0,1870.0,Home for sale
913,2775000.0,5.0,4.0,2652.0 ,2847117.0,5499.0,New construction
926,1200000.0,3.0,4.0,2906.0 ,1247400.0,5497.0,Condo for sale
929,210000.0,2.0,2.0,1260.0 ,215400.0,2862.0,Home for sale
930,685000.0,2.0,2.0,1364.0 ,701800.0,3196.0,Condo for sale
940,549000.0,2.0,3.0,1200.0 ,563200.0,2949.0,House for sale
957,850100.0,2.0,3.0,1050.0 ,869017.0,3323.0,House for sale
959,750000.0,3.0,2.0,1124.0 ,807259.0,2834.0,Townhouse for sale
964,167500.0,2.0,2.0,1040.0 ,178800.0,2291.0,Home for sale
965,789000.0,4.0,4.0,1068.0 ,811542.0,2270.0,House for sale
969,599000.0,2.0,3.0,1038.0 ,623700.0,2799.0,House for sale
971,899900.0,2.0,5.0,1888.0 ,926500.0,3763.0,House for sale
972,2700000.0,6.0,4.0,4300.0 ,2700000.0,7887.0,House for sale
978,1599000.0,4.0,3.0,1865.0 ,1708300.0,7094.0,Multi-family home for sale
979,799900.0,2.0,4.0,1275.0 ,775900.0,3143.0,House for sale
988,2399000.0,5.0,5.0,4130.0 ,2414300.0,7904.0,House for sale
993,899000.0,2.0,3.0,2000.0 ,915400.0,2676.0,House for sale
997,1075000.0,3.0,4.0,2273.0 ,1112700.0,4013.0,House for sale
1000,7495000.0,8.0,7.0,8417.0 ,6990200.0,23140.0,Coming soon
1005,2599000.0,2.0,3.0,1853.0 ,2600300.0,8042.0,House for sale
1011,679950.0,1.0,2.0,800.0 ,727085.0,2635.0,House for sale
1012,1595000.0,3.0,3.0,1980.0 ,1696400.0,4424.0,House for sale
1015,349900.0,2.0,2.0,954.0 ,370400.0,1999.0,Condo for sale
1022,543000.0,2.0,2.0,912.0 ,576415.0,2466.0,Condo for sale
1023,345000.0,2.0,3.0,1434.0 ,359500.0,3027.0,Home for sale
1032,2498000.0,3.0,4.0,2796.0 ,2786700.0,5645.0,House for sale
1038,3600000.0,2.0,3.0,1336.0 ,3514400.0,11933.0,House for sale
1040,3600000.0,6.0,5.0,5480.0 ,3553400.0,12579.0,House for sale
1041,634000.0,2.0,2.0,871.0 ,655645.0,2499.0,Condo for sale
1043,1699950.0,3.0,4.0,1926.0 ,1710593.0,4570.0,House for sale
1044,790000.0,2.0,4.0,2166.0 ,816600.0,3897.0,House for sale
1048,727000.0,3.0,2.0,1351.0 ,769764.0,2999.0,Condo for sale
1050,579000.0,2.0,3.0,2056.0 ,579000.0,4054.0,Condo for sale
1053,1995000.0,3.0,3.0,2654.0 ,1912100.0,7186.0,Coming soon
1058,469000.0,1.0,1.0,658.0 ,464200.0,2170.0,Condo for sale
1061,549900.0,3.0,3.0,1459.0 ,558700.0,2828.0,Townhouse for sale
1065,335000.0,1.0,1.0,604.0 ,322100.0,1795.0,Condo for sale
1071,379000.0,1.0,1.0,667.0 ,381200.0,2094.0,Condo for sale
1075,420000.0,2.0,1.0,842.0 ,427900.0,1983.0,Condo for sale
1078,454995.0,1.0,1.0,704.0 ,441500.0,1953.0,Condo for sale
1086,599000.0,2.0,3.0,1919.0 ,607400.0,4054.0,Home for sale
1088,748888.0,2.0,3.0,1342.0 ,793523.0,3099.0,Townhouse for sale
1089,375000.0,1.0,2.0,771.0 ,389900.0,2400.0,Condo for sale
1090,625000.0,4.0,4.0,1857.0 ,809100.0,2928.0,Condo for sale
1094,2749000.0,4.0,4.0,2600.0 ,2749000.0,7246.0,House for sale
1101,2100000.0,4.0,4.0,4217.0 ,2002200.0,8000.0,House for sale
1106,85000.0,2.0,3.0,1440.0 ,184000.0,2864.0,Home for sale
1118,1625000.0,3.0,4.0,1944.0 ,1703900.0,4798.0,House for sale
1121,1799999.0,4.0,4.0,2602.0 ,1928500.0,5299.0,House for sale
1123,499900.0,2.0,2.0,881.0 ,516598.0,2395.0,Condo for sale
1124,1288000.0,2.0,3.0,1283.0 ,1200900.0,3627.0,House for sale
1132,899900.0,1.0,2.0,816.0 ,907100.0,2828.0,House for sale
1137,5450000.0,5.0,4.0,4153.0 ,5450000.0,14141.0,House for sale
1145,950000.0,3.0,4.0,1512.0 ,994100.0,3798.0,House for sale
1147,449500.0,1.0,1.0,1035.0 ,449700.0,2864.0,Condo for sale
1149,1730000.0,5.0,5.0,3620.0 ,1851500.0,6058.0,House for sale
1156,769000.0,2.0,3.0,1107.0 ,770500.0,2962.0,House for sale
1161,6500000.0,6.0,5.0,4085.0 ,6321300.0,21043.0,House for sale
1166,6999000.0,7.0,6.0,7500.0 ,6683400.0,22124.0,House for sale
1167,598000.0,2.0,2.0,1011.0 ,633939.0,2796.0,Condo for sale
1169,819500.0,2.0,3.0,1917.0 ,838300.0,3200.0,House for sale
1172,1199800.0,4.0,4.0,2035.0 ,1283736.0,4162.0,Townhouse for sale
1178,875000.0,3.0,3.0,1459.0 ,864800.0,3597.0,Condo for sale
1179,160000.0,2.0,3.0,1440.0 ,160300.0,3092.0,Home for sale
1181,1995000.0,2.0,4.0,2054.0 ,2043056.0,4500.0,House for sale
1185,275000.0,2.0,2.0,1392.0 ,275000.0,2360.0,Home for sale
1188,765000.0,3.0,3.0,31363.0 ,709300.0,3334.0,Foreclosure
1190,1789000.0,2.0,3.0,1547.0 ,1934971.0,4043.0,House for sale
1204,469000.0,1.0,1.0,788.0 ,473400.0,2300.0,Condo for sale
1206,1450000.0,3.0,4.0,1723.0 ,1530300.0,4136.0,House for sale
1221,849999.0,1.0,3.0,900.0 ,889842.0,2958.0,House for sale
1227,23000000.0,5.0,5.0,2729.0 ,22336400.0,34586.0,House for sale
1229,999000.0,3.0,3.0,1674.0 ,1059800.0,3499.0,Multi-family home for sale
1236,1680000.0,2.0,4.0,1514.0 ,1870909.0,4285.0,House for sale
1239,809000.0,2.0,4.0,1400.0 ,845800.0,3234.0,House for sale
1240,3850000.0,5.0,5.0,4985.0 ,2954900.0,9659.0,Coming soon
1245,499000.0,2.0,2.0,1161.0 ,504700.0,2650.0,House for sale
1246,999000.0,4.0,3.0,1901.0 ,1053797.0,3984.0,Townhouse for sale
1254,557700.0,2.0,2.0,890.0 ,573765.0,2544.0,Condo for sale
1257,899000.0,3.0,2.0,1376.0 ,945182.0,3380.0,Townhouse for sale
1266,1250000.0,3.0,3.0,1283.0 ,1250000.0,3780.0,Condo for sale
1270,769000.0,1.0,2.0,672.0 ,804600.0,2505.0,House for sale
1273,369000.0,2.0,2.0,966.0 ,371600.0,2132.0,Condo for sale
1275,1149000.0,2.0,4.0,1400.0 ,1236039.0,3862.0,House for sale
1277,2995000.0,3.0,3.0,1949.0 ,2995000.0,9993.0,House for sale
1284,12750000.0,6.0,4.0,4256.0 ,12128200.0,40388.0,House for sale
1286,529900.0,2.0,2.0,900.0 ,560600.0,2658.0,Condo for sale
1287,2750000.0,5.0,5.0,4436.0 ,2750000.0,9199.0,House for sale
1289,549000.0,1.0,2.0,832.0 ,570700.0,2635.0,House for sale
1290,1368800.0,4.0,4.0,2210.0 ,1443693.0,4091.0,House for sale
1296,2599000.0,6.0,6.0,4957.0 ,2599100.0,8917.0,House for sale
1299,1698888.0,2.0,3.0,1780.0 ,1789899.0,4295.0,House for sale
1308,1045000.0,3.0,3.0,1616.0 ,1033400.0,3994.0,Condo for sale
1312,3495000.0,5.0,5.0,3528.0 ,3712305.0,3499.0,House for sale
1318,738000.0,1.0,3.0,1000.0 ,777296.0,3200.0,Townhouse for sale
1319,1250000.0,3.0,4.0,2268.0 ,1249700.0,6186.0,Condo for sale
1324,599000.0,2.0,2.0,1061.0 ,557000.0,2676.0,Condo for sale
1328,6888888.0,4.0,3.0,4226.0 ,6602300.0,22018.0,House for sale
1332,1455000.0,2.0,3.0,1743.0 ,1532946.0,3952.0,House for sale
1338,499000.0,2.0,2.0,1464.0 ,499200.0,3195.0,Home for sale
1342,519000.0,2.0,2.0,838.0 ,504000.0,2600.0,Condo for sale
1345,1829000.0,3.0,6.0,3270.0 ,1863600.0,5469.0,House for sale
1350,699000.0,2.0,3.0,2267.0 ,772600.0,4417.0,House for sale
1357,1188888.0,2.0,4.0,1572.0 ,1074400.0,3949.0,House for sale
1364,3599000.0,6.0,5.0,4365.0 ,3948300.0,13256.0,New construction
1382,589950.0,2.0,2.0,824.0 ,615136.0,2483.0,Condo for sale
1387,345000.0,2.0,2.0,1275.0 ,354700.0,3614.0,Condo for sale
1389,1399000.0,3.0,3.0,1740.0 ,1466159.0,3995.0,House for sale
1390,2250000.0,3.0,4.0,3300.0 ,2250000.0,7909.0,House for sale
1395,3900000.0,4.0,4.0,3270.0 ,3880400.0,12927.0,House for sale
1403,1020000.0,2.0,3.0,1860.0 ,1094420.0,3843.0,House for sale
1407,424900.0,1.0,1.0,726.0 ,429700.0,2544.0,Condo for sale
1408,1599000.0,2.0,4.0,1880.0 ,1667528.0,4426.0,House for sale
1422,1100000.0,3.0,3.0,2236.0 ,1155797.0,3164.0,House for sale
1423,1250000.0,3.0,4.0,2220.0 ,1282100.0,5006.0,House for sale
1424,650000.0,2.0,4.0,1557.0 ,665449.0,3200.0,House for sale
1425,1699000.0,4.0,5.0,3028.0 ,1823600.0,5499.0,House for sale
1429,827300.0,3.0,5.0,2021.0 ,842811.0,3499.0,House for sale
1435,1075000.0,3.0,4.0,1957.0 ,1047600.0,3814.0,Condo for sale
1436,5700000.0,3.0,4.0,2201.0 ,6344900.0,21246.0,House for sale
1444,770000.0,3.0,3.0,1523.0 ,755400.0,3055.0,Townhouse for sale
1450,649900.0,2.0,3.0,1475.0 ,659300.0,2849.0,House for sale
1451,1499000.0,3.0,4.0,2256.0 ,1372800.0,3999.0,House for sale
1457,490000.0,1.0,2.0,798.0 ,509797.0,2264.0,Condo for sale
1460,349000.0,1.0,1.0,664.0 ,362300.0,1912.0,Coming soon
1468,849999.0,2.0,3.0,1317.0 ,893615.0,3307.0,Condo for sale
1470,1949000.0,3.0,5.0,2367.0 ,2061549.0,4995.0,House for sale
1471,549000.0,2.0,2.0,792.0 ,555100.0,2565.0,House for sale
1472,750000.0,2.0,3.0,1456.0 ,720900.0,3092.0,Coming soon
1473,1650000.0,5.0,5.0,3424.0 ,1770800.0,6499.0,House for sale
1478,899000.0,2.0,2.0,1450.0 ,918977.0,3266.0,Townhouse for sale
1479,1250000.0,3.0,3.0,2232.0 ,1270500.0,3962.0,House for sale
1482,1350000.0,2.0,2.0,1241.0 ,1093600.0,4250.0,House for sale
1486,2799000.0,4.0,4.0,4176.0 ,2799000.0,10018.0,House for sale
1494,1599000.0,3.0,3.0,2158.0 ,1650900.0,4914.0,House for sale
1499,2000000.0,2.0,3.0,1640.0 ,2041360.0,4812.0,House for sale
1500,699000.0,1.0,1.0,953.0 ,716188.0,2749.0,Condo for sale
1501,1345000.0,3.0,2.0,1976.0 ,1361100.0,4184.0,Townhouse for sale
1502,980000.0,3.0,4.0,1734.0 ,1023900.0,4335.0,House for sale
1509,798000.0,2.0,4.0,1320.0 ,800300.0,3363.0,House for sale
1510,2799000.0,4.0,4.0,1603.0 ,2799000.0,8929.0,House for sale
1514,2100000.0,2.0,5.0,2974.0 ,2126500.0,7148.0,House for sale
1516,275900.0,1.0,2.0,1140.0 ,276500.0,2300.0,Condo for sale
1520,299999.0,1.0,2.0,813.0 ,312700.0,1862.0,Condo for sale
1521,599000.0,1.0,1.0,663.0 ,615896.0,2028.0,Condo for sale
1522,1299000.0,2.0,3.0,1340.0 ,1421892.0,3628.0,House for sale
1528,898000.0,1.0,2.0,1027.0 ,940528.0,2999.0,House for sale
1546,795000.0,1.0,1.0,736.0 ,802951.0,2317.0,Condo for sale
1551,859000.0,2.0,3.0,1070.0 ,855200.0,3449.0,House for sale
1553,1600000.0,2.0,2.0,1344.0 ,1639000.0,4227.0,Condo for sale
1568,1299888.0,2.0,3.0,1232.0 ,1415433.0,3699.0,House for sale
1575,1499000.0,2.0,3.0,1400.0 ,1510530.0,3696.0,House for sale
1578,1059000.0,5.0,8.0,3231.0 ,1063100.0,4760.0,Multi-family home for sale
1581,1599000.0,2.0,2.0,1914.0 ,1635100.0,3195.0,Multi-family home for sale
1582,2795000.0,4.0,5.0,2792.0 ,2852000.0,8600.0,House for sale
1588,3995000.0,12.0,9.0,4425.0 ,3971400.0,19408.0,Multi-family home for sale
1590,3150000.0,5.0,5.0,3900.0 ,3435498.0,6499.0,House for sale
1592,1075000.0,3.0,3.0,1727.0 ,1164900.0,3633.0,Condo for sale
1593,1888000.0,3.0,4.0,2619.0 ,1940454.0,5295.0,House for sale
1594,560000.0,2.0,2.0,1467.0 ,566120.0,2562.0,Home for sale
1597,1649000.0,5.0,5.0,2230.0 ,1684900.0,5749.0,House for sale
1598,580000.0,3.0,2.0,1130.0 ,588000.0,2560.0,Condo for sale
1601,699000.0,2.0,3.0,1056.0 ,721300.0,2999.0,Condo for sale
1604,310000.0,2.0,4.0,2130.0 ,313100.0,4295.0,Home for sale
1613,1174900.0,3.0,4.0,2264.0 ,1274500.0,3814.0,House for sale
1620,898000.0,3.0,2.0,1105.0 ,916448.0,3069.0,Townhouse for sale
1632,599000.0,2.0,2.0,1209.0 ,573500.0,2799.0,Townhouse for sale
1635,489000.0,1.0,2.0,798.0 ,513655.0,2342.0,Condo for sale
1639,2999000.0,4.0,5.0,3634.0 ,2997400.0,4801.0,House for sale
1640,888000.0,2.0,3.0,1036.0 ,929725.0,3497.0,House for sale
1644,1249800.0,2.0,3.0,1627.0 ,1395400.0,3699.0,House for sale
1645,715000.0,1.0,3.0,960.0 ,771376.0,3214.0,House for sale
1646,2999000.0,3.0,3.0,2908.0 ,3092300.0,10179.0,House for sale
1649,1149950.0,2.0,4.0,1618.0 ,1243778.0,3800.0,House for sale
1650,369990.0,2.0,2.0,1320.0 ,369993.0,2635.0,Home for sale
1653,1070000.0,2.0,3.0,1274.0 ,1152000.0,3614.0,House for sale
1654,1550000.0,3.0,4.0,2451.0 ,1606800.0,5799.0,House for sale
1658,1450000.0,4.0,5.0,2902.0 ,1477300.0,5170.0,House for sale
1667,915000.0,2.0,3.0,1306.0 ,923700.0,3595.0,House for sale
1668,675000.0,3.0,2.0,1032.0 ,648100.0,3399.0,House for sale
1669,869900.0,1.0,1.0,697.0 ,879700.0,2694.0,Condo for sale
1684,1200000.0,3.0,3.0,1440.0 ,1247600.0,3953.0,House for sale
1686,1325000.0,2.0,2.0,1556.0 ,1325000.0,5620.0,Condo for sale
1699,1648300.0,5.0,5.0,3797.0 ,1684400.0,4829.0,House for sale
1706,9800000.0,5.0,4.0,3341.0 ,9582600.0,28488.0,House for sale
1709,499000.0,2.0,3.0,1792.0 ,513300.0,3149.0,House for sale
1711,7880000.0,3.0,4.0,2384.0 ,7682700.0,22967.0,House for sale
1713,525000.0,1.0,1.0,845.0 ,531100.0,2490.0,Condo for sale
1717,935000.0,2.0,4.0,1632.0 ,962400.0,3800.0,Coming soon
1724,259000.0,2.0,2.0,1464.0 ,259000.0,3641.0,Home for sale
1728,599900.0,2.0,4.0,1296.0 ,612700.0,2949.0,House for sale
1729,799000.0,2.0,3.0,1887.0 ,815400.0,3692.0,House for sale
1733,1450000.0,5.0,3.0,1793.0 ,1533655.0,4127.0,Townhouse for sale
1734,22500000.0,7.0,6.0,5098.0 ,21834300.0,46714.0,House for sale
1736,650000.0,3.0,2.0,1392.0 ,621900.0,2963.0,Condo for sale
1741,89900.0,2.0,2.0,1440.0 ,491500.0,2799.0,Home for sale
1745,11750000.0,4.0,3.0,2275.0 ,11324400.0,37642.0,House for sale
1750,725000.0,3.0,3.0,1420.0 ,752300.0,3334.0,Townhouse for sale
1751,615000.0,3.0,2.0,1068.0 ,565400.0,2580.0,Condo for sale
1752,699000.0,2.0,2.0,828.0 ,699100.0,2923.0,House for sale
1755,624777.0,2.0,3.0,1042.0 ,639500.0,2799.0,House for sale
1756,2649900.0,6.0,5.0,4613.0 ,2633400.0,8760.0,House for sale
1757,775000.0,3.0,3.0,1606.0 ,841400.0,3264.0,Condo for sale
1763,450000.0,3.0,2.0,1285.0 ,434300.0,2432.0,Condo for sale
1765,1675000.0,3.0,4.0,2075.0 ,2580500.0,4500.0,House for sale
1767,1299000.0,3.0,4.0,1900.0 ,1322200.0,4570.0,House for sale
1771,630000.0,2.0,3.0,1180.0 ,641615.0,2932.0,Townhouse for sale
1772,750000.0,3.0,5.0,1244.0 ,765500.0,2999.0,House for sale
1773,530000.0,2.0,3.0,1293.0 ,545400.0,2799.0,Townhouse for sale
1775,885000.0,2.0,2.0,1371.0 ,927909.0,3099.0,Townhouse for sale
1777,530000.0,2.0,3.0,970.0 ,553200.0,2704.0,Condo for sale
1778,669000.0,2.0,3.0,1368.0 ,687500.0,2999.0,House for sale
1781,1350000.0,1.0,3.0,1651.0 ,1047900.0,3963.0,House for sale
1794,419000.0,1.0,1.0,658.0 ,422725.0,2195.0,Condo for sale
1796,1699900.0,3.0,4.0,2800.0 ,1792246.0,4500.0,House for sale
1798,825000.0,2.0,3.0,1216.0 ,636500.0,3499.0,House for sale
1800,288000.0,2.0,3.0,1088.0 ,293700.0,3200.0,Home for sale
1801,920000.0,2.0,3.0,2123.0 ,753700.0,3995.0,House for sale
1804,619900.0,2.0,3.0,1066.0 ,625000.0,2734.0,House for sale
1812,789000.0,2.0,4.0,1880.0 ,808800.0,2999.0,House for sale
1837,449000.0,1.0,1.0,544.0 ,454831.0,1929.0,Condo for sale
1839,949000.0,2.0,3.0,1287.0 ,975300.0,3599.0,House for sale
1847,9800000.0,5.0,4.0,2829.0 ,9555700.0,31919.0,House for sale
1850,750000.0,2.0,4.0,1911.0 ,719800.0,3200.0,House for sale
1851,2795000.0,5.0,4.0,4570.0 ,2678900.0,8819.0,House for sale
1863,695000.0,2.0,3.0,1600.0 ,663900.0,2999.0,House for sale
1866,159900.0,1.0,2.0,784.0 ,211900.0,2741.0,Home for sale
1871,79999.0,2.0,2.0,1200.0 ,82760.0,2469.0,Home for sale
1876,859999.0,3.0,4.0,1350.0 ,857200.0,3395.0,House for sale
1885,489000.0,1.0,1.0,704.0 ,436100.0,1980.0,Condo for sale
1901,813000.0,3.0,3.0,1509.0 ,841300.0,3363.0,Townhouse for sale
1904,1979000.0,4.0,5.0,3055.0 ,1560900.0,4288.0,House for sale
1909,575000.0,1.0,0.0,750.0 ,586520.0,2499.0,Condo for sale
1914,948000.0,3.0,3.0,1585.0 ,1004879.0,3669.0,Townhouse for sale
1918,1450000.0,3.0,4.0,1600.0 ,1284300.0,4198.0,Multi-family home for sale
1926,1999000.0,2.0,2.0,3388.0 ,2009000.0,5143.0,Condo for sale
1931,1550000.0,3.0,4.0,2465.0 ,1624900.0,6950.0,House for sale
1941,1125000.0,3.0,4.0,3123.0 ,1131600.0,4728.0,House for sale
1942,228000.0,2.0,3.0,1240.0 ,233200.0,4172.0,Home for sale
1943,869000.0,2.0,3.0,1696.0 ,881600.0,3699.0,House for sale
1948,699000.0,2.0,5.0,1750.0 ,719500.0,3534.0,Townhouse for sale
1950,1583000.0,3.0,5.0,2423.0 ,1650842.0,5140.0,House for sale
1951,649900.0,2.0,3.0,1175.0 ,660156.0,2699.0,House for sale
1959,355000.0,2.0,2.0,959.0 ,370100.0,1999.0,Condo for sale
1963,1695000.0,2.0,4.0,1298.0 ,1636000.0,3850.0,House for sale
1965,798000.0,2.0,2.0,1929.0 ,802000.0,3995.0,Condo for sale
1971,1200000.0,3.0,3.0,3048.0 ,1221600.0,4713.0,House for sale
1973,925000.0,2.0,3.0,1300.0 ,1006400.0,3584.0,House for sale
1974,899000.0,1.0,2.0,1156.0 ,945688.0,3234.0,House for sale
1976,448000.0,1.0,1.0,724.0 ,456259.0,2062.0,Condo for sale
1979,3350000.0,5.0,7.0,6282.0 ,3295000.0,10718.0,House for sale
1985,299500.0,2.0,3.0,1534.0 ,299500.0,2799.0,Home for sale
1986,385000.0,2.0,2.0,890.0 ,394100.0,2326.0,Condo for sale
1999,999999.0,3.0,6.0,3158.0 ,833000.0,4754.0,House for sale
2006,3985000.0,5.0,4.0,5792.0 ,3927700.0,12857.0,House for sale
2007,1249999.0,2.0,3.0,1756.0 ,1377117.0,4300.0,House for sale
2009,1059000.0,2.0,3.0,1832.0 ,1127700.0,3563.0,House for sale
2024,777900.0,2.0,3.0,1757.0 ,800753.0,3200.0,House for sale
2025,549000.0,2.0,3.0,735.0 ,560700.0,2268.0,House for sale
2028,2375000.0,3.0,4.0,1924.0 ,2375000.0,7845.0,House for sale
2029,1062500.0,2.0,3.0,2561.0 ,1085000.0,4914.0,House for sale
2030,898000.0,3.0,3.0,1693.0 ,938954.0,3835.0,Townhouse for sale
2032,788888.0,2.0,2.0,843.0 ,816705.0,2797.0,Condo for sale
2038,8850000.0,9.0,5.0,7032.0 ,8999100.0,27005.0,House for sale
2043,1699000.0,4.0,7.0,2600.0 ,1724700.0,4217.0,Multi-family home for sale
2049,2895000.0,2.0,3.0,1955.0 ,2897228.0,5147.0,House for sale
2050,765000.0,1.0,2.0,1174.0 ,796571.0,2999.0,House for sale
2053,780000.0,2.0,2.0,1614.0 ,847300.0,3495.0,Coming soon
2054,598000.0,2.0,2.0,950.0 ,623808.0,2484.0,Townhouse for sale
2075,550000.0,2.0,2.0,976.0 ,560200.0,2762.0,Condo for sale
2079,599000.0,2.0,2.0,1274.0 ,562500.0,2766.0,Condo for sale
2080,849999.0,2.0,3.0,1198.0 ,898219.0,3399.0,House for sale
2082,147000.0,1.0,1.0,546.0 ,149800.0,1697.0,Home for sale
2090,779000.0,1.0,1.0,819.0 ,802600.0,2746.0,Condo for sale
2100,530000.0,2.0,2.0,918.0 ,534453.0,2400.0,Condo for sale
2104,695000.0,2.0,3.0,1125.0 ,715500.0,2900.0,House for sale
2107,1380000.0,5.0,6.0,3488.0 ,1436100.0,2497.0,Multi-family home for sale
2110,1848000.0,3.0,3.0,2170.0 ,1956834.0,4227.0,House for sale
2116,1600000.0,1.0,3.0,1443.0 ,1700900.0,4650.0,House for sale
2117,5850000.0,4.0,3.0,3070.0 ,5655300.0,19303.0,House for sale
2119,724999.0,2.0,4.0,1633.0 ,741800.0,3200.0,House for sale
2120,1289888.0,3.0,3.0,1718.0 ,1341562.0,3913.0,Townhouse for sale
2122,1849950.0,2.0,3.0,2019.0 ,1961803.0,4200.0,House for sale
2124,950000.0,2.0,2.0,1371.0 ,881800.0,3840.0,Condo for sale
2127,239900.0,2.0,2.0,960.0 ,239900.0,3112.0,Home for sale
2138,2600000.0,10.0,12.0,4894.0 ,2615300.0,10360.0,Multi-family home for sale
2142,1250000.0,3.0,3.0,2334.0 ,1250200.0,3389.0,House for sale
2152,3800000.0,6.0,6.0,4091.0 ,3796700.0,13176.0,House for sale
2155,675000.0,3.0,2.0,1234.0 ,676600.0,2952.0,Condo for sale
2157,429900.0,2.0,2.0,874.0 ,591600.0,2214.0,Condo for sale
2160,1999123.0,3.0,4.0,2283.0 ,1981400.0,7350.0,House for sale
2162,799000.0,2.0,3.0,1771.0 ,821935.0,3892.0,Townhouse for sale
2163,950000.0,3.0,4.0,1644.0 ,859300.0,3766.0,Coming soon
2167,1988000.0,4.0,5.0,4008.0 ,1822700.0,5941.0,House for sale
2178,1799999.0,3.0,3.0,2010.0 ,1822200.0,4529.0,Townhouse for sale
2184,549000.0,1.0,3.0,827.0 ,480600.0,1999.0,House for sale
2188,878890.0,2.0,3.0,1073.0 ,916700.0,5000.0,Multi-family home for sale
2196,5250000.0,6.0,5.0,5695.0 ,5139100.0,17956.0,House for sale
2198,730000.0,2.0,4.0,1789.0 ,760700.0,3166.0,House for sale
2200,1249956.0,2.0,4.0,1563.0 ,1335800.0,3796.0,House for sale
2206,968000.0,2.0,4.0,1716.0 ,1009485.0,3413.0,House for sale
2217,2287000.0,2.0,4.0,1836.0 ,2350050.0,4500.0,House for sale
2229,545000.0,1.0,1.0,733.0 ,558805.0,2462.0,Condo for sale
2230,1280000.0,3.0,5.0,2989.0 ,1362300.0,4755.0,House for sale
2231,1699900.0,3.0,2.0,1900.0 ,1704800.0,6099.0,Townhouse for sale
2236,888000.0,2.0,2.0,1241.0 ,928498.0,3200.0,Townhouse for sale
2237,13795000.0,5.0,4.0,3972.0 ,13525000.0,40544.0,House for sale
2238,2195000.0,3.0,4.0,2023.0 ,2175500.0,4696.0,House for sale
2247,674900.0,2.0,2.0,1536.0 ,637500.0,2993.0,Condo for sale
2248,674000.0,2.0,2.0,1328.0 ,711700.0,2799.0,Condo for sale
2252,1140000.0,2.0,3.0,1934.0 ,1185200.0,3800.0,House for sale
2254,1749000.0,3.0,3.0,1820.0 ,1929300.0,4500.0,House for sale
2259,935000.0,2.0,4.0,1354.0 ,935201.0,3884.0,House for sale
2260,988000.0,3.0,2.0,1213.0 ,1031800.0,3028.0,Condo for sale
2264,1499499.0,2.0,3.0,1296.0 ,1582800.0,3956.0,House for sale
2271,1498888.0,3.0,5.0,2501.0 ,1607428.0,5140.0,House for sale
2280,799000.0,2.0,3.0,1119.0 ,796100.0,3376.0,House for sale
2288,1295000.0,4.0,4.0,3009.0 ,1455900.0,4835.0,House for sale
2289,739900.0,2.0,3.0,1644.0 ,760958.0,3092.0,House for sale
2290,1399888.0,2.0,4.0,1967.0 ,1480962.0,4128.0,House for sale
2292,580000.0,3.0,3.0,1336.0 ,590200.0,2900.0,Condo for sale
2299,1700000.0,4.0,3.0,2317.0 ,1733358.0,5070.0,House for sale
2302,545000.0,2.0,2.0,1240.0 ,549579.0,2914.0,Condo for sale
2308,625000.0,1.0,2.0,942.0 ,653503.0,2600.0,Condo for sale
2311,730000.0,2.0,3.0,1391.0 ,733000.0,3913.0,Condo for sale
2312,1699000.0,3.0,4.0,3088.0 ,1713900.0,6139.0,House for sale
2315,1299000.0,2.0,4.0,1598.0 ,1315000.0,3800.0,House for sale
2317,1595000.0,3.0,4.0,1510.0 ,1695600.0,4796.0,House for sale
2326,1299900.0,2.0,3.0,1556.0 ,1317800.0,3700.0,House for sale
2331,899000.0,2.0,2.0,689.0 ,920800.0,2400.0,House for sale
2334,692900.0,2.0,2.0,1090.0 ,734500.0,2749.0,House for sale
2335,700000.0,1.0,2.0,1175.0 ,706600.0,2728.0,House for sale
2344,1249000.0,3.0,3.0,2388.0 ,1348920.0,4659.0,Townhouse for sale
2345,869900.0,3.0,3.0,1452.0 ,937000.0,3399.0,Townhouse for sale
2346,718300.0,2.0,4.0,1769.0 ,750400.0,3284.0,House for sale
2349,239000.0,2.0,3.0,1200.0 ,239000.0,3495.0,Home for sale
2357,1399000.0,3.0,4.0,1619.0 ,1453900.0,4207.0,House for sale
2358,2295000.0,5.0,5.0,4381.0 ,2175800.0,7081.0,House for sale
2363,539000.0,1.0,1.0,713.0 ,537300.0,2600.0,Condo for sale
2369,1249000.0,2.0,4.0,2016.0 ,1313603.0,3995.0,House for sale
2372,1450000.0,3.0,4.0,2186.0 ,1512938.0,3981.0,House for sale
2375,999990.0,3.0,3.0,2501.0 ,999993.0,5769.0,Condo for sale
2377,789000.0,2.0,2.0,986.0 ,816662.0,2648.0,Condo for sale
2381,980000.0,2.0,4.0,1353.0 ,1026300.0,3624.0,House for sale
2394,370000.0,1.0,2.0,738.0 ,389600.0,2013.0,Condo for sale
2399,578000.0,1.0,2.0,938.0 ,601400.0,2449.0,House for sale
2400,1800000.0,1.0,3.0,924.0 ,1800000.0,3200.0,House for sale
2408,799000.0,2.0,3.0,1461.0 ,799002.0,3273.0,House for sale
2415,599000.0,3.0,2.0,1334.0 ,657200.0,3058.0,Condo for sale
2419,1195000.0,3.0,3.0,2984.0 ,1049900.0,4440.0,Coming soon
2424,699999.0,2.0,3.0,1267.0 ,697200.0,2999.0,Condo for sale
2425,2196000.0,4.0,5.0,3532.0 ,2262900.0,7358.0,House for sale
2432,232500.0,2.0,2.0,1145.0 ,192800.0,3340.0,Coming soon
2433,16000000.0,5.0,5.0,2392.0 ,15508900.0,52039.0,House for sale
2434,1298000.0,3.0,3.0,1848.0 ,1375424.0,3668.0,House for sale
2437,720000.0,3.0,3.0,1330.0 ,762231.0,3249.0,Townhouse for sale
2443,9995000.0,5.0,4.0,4880.0 ,9325300.0,31370.0,House for sale
2450,1295000.0,2.0,4.0,1536.0 ,1368400.0,3764.0,House for sale
2456,890000.0,2.0,2.0,876.0 ,915400.0,2981.0,Condo for sale
2457,3907000.0,5.0,5.0,3552.0 ,3867200.0,6591.0,New construction
2458,185000.0,1.0,2.0,950.0 ,199400.0,2834.0,Home for sale
2459,1895000.0,5.0,5.0,3590.0 ,1987400.0,6499.0,House for sale
2462,825000.0,3.0,5.0,1960.0 ,829100.0,3495.0,House for sale
2463,525000.0,2.0,2.0,899.0 ,527300.0,2329.0,Coming soon
2464,998000.0,2.0,2.0,984.0 ,1027800.0,2586.0,House for sale
2465,725000.0,1.0,2.0,1042.0 ,731600.0,2627.0,House for sale
2469,15950000.0,8.0,6.0,6100.0 ,15319300.0,28924.0,House for sale
2470,795000.0,2.0,3.0,1043.0 ,841026.0,3344.0,House for sale
2477,4395000.0,4.0,3.0,3376.0 ,4321600.0,14568.0,Condo for sale
2478,1200000.0,3.0,4.0,1941.0 ,869200.0,3913.0,Coming soon
2481,799000.0,2.0,3.0,1161.0 ,803700.0,3499.0,House for sale
2485,245000.0,2.0,2.0,992.0 ,247800.0,1957.0,Home for sale
2494,895000.0,2.0,4.0,1500.0 ,921100.0,3671.0,House for sale
2497,264900.0,1.0,1.0,558.0 ,255900.0,1694.0,Condo for sale
2502,689000.0,2.0,2.0,1208.0 ,699200.0,2990.0,Condo for sale
2504,540900.0,2.0,2.0,1054.0 ,552118.0,2434.0,House for sale
2505,799800.0,2.0,2.0,1421.0 ,846667.0,3149.0,Condo for sale
2509,1749000.0,3.0,2.0,1375.0 ,1321800.0,3668.0,Condo for sale
2512,536000.0,1.0,1.0,638.0 ,556700.0,2300.0,Condo for sale
2513,1790000.0,3.0,3.0,2838.0 ,1663900.0,7474.0,House for sale
2514,535000.0,2.0,2.0,918.0 ,554456.0,2400.0,Condo for sale
2517,2798000.0,5.0,6.0,3820.0 ,2798000.0,7810.0,House for sale
2519,600000.0,2.0,4.0,1302.0 ,610100.0,2999.0,Townhouse for sale
2521,929000.0,2.0,3.0,1653.0 ,831900.0,3428.0,House for sale
2523,1595000.0,3.0,4.0,1930.0 ,1239500.0,4657.0,House for sale
2537,2000000.0,2.0,3.0,1785.0 ,2035900.0,4847.0,House for sale
2538,650000.0,2.0,3.0,1479.0 ,612500.0,2973.0,House for sale
2540,399999.0,2.0,2.0,973.0 ,394200.0,2263.0,Condo for sale
2544,1275000.0,3.0,4.0,1931.0 ,1357686.0,3980.0,House for sale
2546,1345000.0,2.0,2.0,1149.0 ,1406340.0,3284.0,Townhouse for sale
2549,1600000.0,3.0,4.0,2736.0 ,1747442.0,4495.0,House for sale
2550,170000.0,2.0,2.0,1200.0 ,173200.0,3345.0,Home for sale
2551,1925000.0,2.0,3.0,2224.0 ,2018100.0,6145.0,House for sale
2555,668000.0,1.0,1.0,899.0 ,658429.0,2664.0,Condo for sale
2558,249900.0,2.0,2.0,972.0 ,250400.0,2780.0,House for sale
2562,174900.0,2.0,2.0,860.0 ,179502.0,2149.0,Home for sale
2575,568000.0,2.0,2.0,1024.0 ,602136.0,2695.0,Condo for sale
2578,619000.0,2.0,3.0,1188.0 ,758600.0,2995.0,Townhouse for sale
2583,750000.0,2.0,2.0,1008.0 ,722600.0,2749.0,House for sale
2586,849000.0,3.0,4.0,2315.0 ,870200.0,3597.0,House for sale
2588,1450000.0,2.0,3.0,1248.0 ,1365600.0,3699.0,House for sale
2590,994900.0,3.0,4.0,1796.0 ,1020900.0,3595.0,House for sale
2592,1990000.0,2.0,4.0,1857.0 ,2548400.0,4464.0,House for sale
2594,650000.0,2.0,4.0,1475.0 ,636600.0,2999.0,Coming soon
2596,1199900.0,3.0,3.0,1992.0 ,1240322.0,3617.0,House for sale
2598,937000.0,2.0,3.0,1007.0 ,1030754.0,3314.0,House for sale
2603,247000.0,2.0,2.0,880.0 ,247000.0,2731.0,Home for sale
2613,1199000.0,3.0,4.0,2524.0 ,1223900.0,3524.0,House for sale
2614,660000.0,3.0,2.0,1411.0 ,679000.0,2999.0,Condo for sale
2631,649888.0,3.0,4.0,1555.0 ,654300.0,3075.0,House for sale
2644,1595000.0,3.0,3.0,1630.0 ,1672100.0,3858.0,House for sale
2646,959000.0,2.0,3.0,1634.0 ,990900.0,3134.0,New construction
2654,1698300.0,4.0,4.0,3300.0 ,1831800.0,5499.0,House for sale
2660,4750000.0,3.0,4.0,2465.0 ,4619100.0,15307.0,Condo for sale
2662,849000.0,4.0,4.0,2400.0 ,869900.0,3639.0,House for sale
2669,1679000.0,3.0,4.0,2887.0 ,1685700.0,6409.0,House for sale
2672,4200000.0,6.0,6.0,5066.0 ,4178400.0,10203.0,House for sale
2676,1249950.0,3.0,3.0,1740.0 ,1289839.0,4136.0,House for sale
2683,3250000.0,4.0,5.0,3000.0 ,3556800.0,11917.0,House for sale
2690,598900.0,2.0,2.0,1114.0 ,618300.0,2600.0,Condo for sale
2691,599900.0,3.0,2.0,1618.0 ,609800.0,3345.0,Townhouse for sale
2692,625000.0,2.0,3.0,1040.0 ,636600.0,2781.0,House for sale
2702,975000.0,3.0,4.0,1620.0 ,1004100.0,3839.0,House for sale
2706,745000.0,2.0,4.0,1568.0 ,761278.0,3200.0,House for sale
2708,3299000.0,6.0,5.0,4812.0 ,3216900.0,12240.0,House for sale
2715,475000.0,2.0,1.0,756.0 ,488100.0,1935.0,House for sale
2716,1050000.0,3.0,4.0,2472.0 ,1048900.0,4227.0,House for sale
2734,424900.0,1.0,1.0,756.0 ,432200.0,2314.0,House for sale
2735,1199000.0,3.0,3.0,2417.0 ,1245900.0,4087.0,House for sale
2739,549750.0,2.0,2.0,1037.0 ,549800.0,2864.0,Condo for sale
2742,950000.0,2.0,3.0,1635.0 ,970800.0,3611.0,House for sale
2746,947000.0,2.0,4.0,1350.0 ,975600.0,3495.0,House for sale
2755,529000.0,2.0,2.0,783.0 ,472700.0,2695.0,Condo for sale
2758,1245000.0,1.0,1.0,812.0 ,1257900.0,3949.0,Condo for sale
2759,839000.0,2.0,3.0,1200.0 ,849400.0,3397.0,House for sale
2762,1679000.0,3.0,4.0,2150.0 ,1804142.0,4300.0,House for sale
2763,334000.0,2.0,3.0,1344.0 ,343800.0,2894.0,Home for sale
2764,500000.0,2.0,3.0,1568.0 ,512800.0,3198.0,House for sale
2766,1599000.0,2.0,3.0,1490.0 ,1691978.0,3763.0,House for sale
2769,1750000.0,3.0,5.0,3084.0 ,1940100.0,5858.0,House for sale
2773,1150000.0,4.0,5.0,3012.0 ,1026300.0,4600.0,House for sale
2774,574000.0,2.0,4.0,1487.0 ,583900.0,3325.0,House for sale
2781,999900.0,2.0,3.0,1200.0 ,1091500.0,3391.0,House for sale
2788,5995000.0,5.0,4.0,4341.0 ,5941200.0,15135.0,House for sale
2791,967900.0,2.0,2.0,1324.0 ,1006500.0,4200.0,Condo for sale
2795,1259000.0,3.0,5.0,2098.0 ,1291900.0,4198.0,House for sale
2797,2400000.0,5.0,6.0,6014.0 ,2400000.0,7995.0,House for sale
2800,915000.0,2.0,4.0,1386.0 ,927600.0,3650.0,House for sale
2802,2250000.0,1.0,2.0,1077.0 ,2277692.0,2737.0,House for sale
2803,759000.0,3.0,3.0,1923.0 ,784500.0,3499.0,House for sale
2804,499888.0,1.0,2.0,959.0 ,518764.0,2385.0,Condo for sale
2805,1175000.0,2.0,3.0,1850.0 ,1202800.0,4969.0,House for sale
2809,1399900.0,3.0,4.0,2064.0 ,1483100.0,3807.0,House for sale
2813,2450000.0,4.0,4.0,2894.0 ,2648648.0,4914.0,House for sale
2814,2690100.0,5.0,5.0,5481.0 ,2768300.0,7865.0,House for sale
2819,619900.0,1.0,2.0,1092.0 ,639400.0,2757.0,House for sale
2821,639000.0,2.0,3.0,1024.0 ,645400.0,2614.0,House for sale
2826,1075000.0,2.0,5.0,2068.0 ,1136500.0,2802.0,Multi-family home for sale
2828,2699450.0,2.0,3.0,1812.0 ,2699500.0,6825.0,House for sale
2834,749000.0,3.0,2.0,1104.0 ,792890.0,2949.0,Townhouse for sale
2840,1570000.0,5.0,7.0,2976.0 ,1616765.0,4909.0,Multi-family home for sale
2841,549900.0,2.0,2.0,855.0 ,560300.0,2695.0,Condo for sale
2842,465000.0,1.0,2.0,876.0 ,476434.0,2469.0,Condo for sale
2844,770000.0,2.0,3.0,1814.0 ,787200.0,3200.0,House for sale
2850,220000.0,2.0,3.0,1440.0 ,221500.0,3448.0,Home for sale
2852,415000.0,2.0,2.0,1178.0 ,423600.0,2322.0,Condo for sale
2856,1295000.0,3.0,3.0,2317.0 ,1366800.0,3924.0,House for sale
2857,1399000.0,3.0,5.0,2000.0 ,1369400.0,4598.0,House for sale
2861,570000.0,2.0,5.0,1433.0 ,530600.0,2984.0,Coming soon
2863,824900.0,3.0,5.0,2021.0 ,842000.0,3499.0,House for sale
2866,875000.0,3.0,4.0,2635.0 ,836100.0,4455.0,House for sale
2872,930000.0,2.0,3.0,1206.0 ,1027491.0,3634.0,House for sale
2874,329000.0,1.0,1.0,530.0 ,317600.0,1697.0,Condo for sale
2875,165000.0,2.0,2.0,672.0 ,186800.0,2249.0,Home for sale
2878,528000.0,1.0,2.0,798.0 ,546206.0,2300.0,Condo for sale
2879,549000.0,1.0,2.0,784.0 ,578400.0,2635.0,House for sale
2884,1599000.0,5.0,4.0,1914.0 ,1663800.0,5429.0,House for sale
2891,4300000.0,8.0,7.0,7191.0 ,4243800.0,14048.0,House for sale
2914,519000.0,2.0,2.0,831.0 ,504400.0,2410.0,Condo for sale
2916,899000.0,3.0,4.0,2138.0 ,912700.0,4133.0,House for sale
2917,599999.0,1.0,2.0,903.0 ,615000.0,2796.0,Townhouse for sale
2920,924900.0,2.0,2.0,1276.0 ,988200.0,2963.0,House for sale
2925,1390000.0,4.0,4.0,2085.0 ,1457200.0,3166.0,House for sale
2941,1250000.0,3.0,4.0,2124.0 ,1374100.0,4134.0,House for sale
2945,899000.0,2.0,3.0,1046.0 ,919000.0,3394.0,House for sale
2946,1569000.0,2.0,3.0,1816.0 ,1658700.0,4264.0,House for sale
2948,1225000.0,2.0,2.0,1353.0 ,1261800.0,4058.0,Condo for sale
2953,799999.0,3.0,3.0,2162.0 ,853400.0,3200.0,House for sale
2954,2295000.0,3.0,4.0,2224.0 ,2295000.0,7743.0,House for sale
2956,599999.0,1.0,2.0,903.0 ,615000.0,2796.0,Townhouse for sale
2962,899999.0,2.0,3.0,1168.0 ,909300.0,3436.0,Coming soon
2964,1539000.0,3.0,5.0,1666.0 ,1613800.0,4274.0,Multi-family home for sale
2978,1200000.0,3.0,4.0,2118.0 ,904600.0,3395.0,Coming soon
2980,249000.0,2.0,2.0,1152.0 ,263940.0,2749.0,Home for sale
2985,1550000.0,3.0,2.0,1513.0 ,1631423.0,3599.0,Condo for sale
2987,650000.0,2.0,3.0,1235.0 ,652900.0,3421.0,House for sale
2988,320000.0,1.0,2.0,864.0 ,368800.0,1939.0,Condo for sale
2994,595000.0,2.0,3.0,1260.0 ,601700.0,2999.0,House for sale
2995,945000.0,3.0,5.0,2301.0 ,895700.0,3897.0,House for sale
2998,1488000.0,3.0,6.0,3036.0 ,1412700.0,4684.0,Coming soon
2999,799000.0,2.0,3.0,1818.0 ,833600.0,3099.0,House for sale
3001,893500.0,3.0,4.0,2604.0 ,875000.0,4370.0,House for sale
3002,799000.0,2.0,2.0,1168.0 ,845820.0,2894.0,Townhouse for sale
3004,2695000.0,5.0,5.0,3223.0 ,2695000.0,4371.0,House for sale
3007,530000.0,2.0,4.0,838.0 ,531400.0,2449.0,House for sale
3008,1395000.0,3.0,3.0,2973.0 ,1452200.0,4570.0,House for sale
3011,688000.0,2.0,2.0,934.0 ,709000.0,2582.0,Condo for sale
3018,789000.0,2.0,2.0,1008.0 ,825098.0,2693.0,Townhouse for sale
3020,319999.0,2.0,2.0,900.0 ,335600.0,2196.0,Condo for sale
3032,699000.0,2.0,3.0,1454.0 ,655800.0,2949.0,Condo for sale
3035,2449900.0,5.0,6.0,4340.0 ,2479600.0,7318.0,House for sale
3036,889000.0,3.0,4.0,2523.0 ,891400.0,3800.0,House for sale
3039,999888.0,2.0,2.0,1376.0 ,1036160.0,3099.0,House for sale
3043,1600000.0,4.0,6.0,4139.0 ,1442100.0,7139.0,House for sale
3050,889000.0,3.0,3.0,1490.0 ,838900.0,3294.0,House for sale
3051,949900.0,3.0,4.0,1944.0 ,1002900.0,4314.0,House for sale
3052,2200000.0,3.0,3.0,2196.0 ,2227999.0,7519.0,House for sale
3057,269000.0,2.0,2.0,1998.0 ,269000.0,3829.0,Home for sale
3059,928000.0,1.0,2.0,845.0 ,961381.0,2966.0,House for sale
3060,900000.0,2.0,3.0,1278.0 ,1061500.0,4043.0,Condo for sale
3063,1895000.0,3.0,4.0,2622.0 ,1895000.0,5999.0,House for sale
3070,465000.0,1.0,1.0,735.0 ,470600.0,2620.0,Condo for sale
3072,2530000.0,5.0,5.0,4183.0 ,2580000.0,8666.0,House for sale
3083,610000.0,2.0,2.0,1040.0 ,627700.0,2300.0,Condo for sale
3091,3600000.0,6.0,5.0,5666.0 ,3586500.0,12002.0,House for sale
3092,1700000.0,6.0,8.0,3479.0 ,1706000.0,5340.0,Multi-family home for sale
3096,949000.0,2.0,4.0,1778.0 ,970118.0,3756.0,House for sale
3099,365000.0,1.0,1.0,675.0 ,381300.0,1800.0,Condo for sale
3101,1200000.0,3.0,3.0,1668.0 ,1278900.0,4164.0,Condo for sale
3107,879000.0,2.0,4.0,1113.0 ,919790.0,3523.0,House for sale
3108,3295000.0,4.0,3.0,3906.0 ,3295000.0,11062.0,House for sale
3109,1100000.0,2.0,2.0,1101.0 ,1132300.0,3397.0,House for sale
3121,599000.0,2.0,2.0,840.0 ,559900.0,2594.0,Condo for sale
3125,1995000.0,3.0,4.0,2555.0 ,2186600.0,6947.0,House for sale
3127,925000.0,3.0,4.0,2402.0 ,903400.0,3800.0,House for sale
3133,529000.0,1.0,1.0,621.0 ,534879.0,2041.0,Condo for sale
3134,1198000.0,3.0,4.0,3255.0 ,1211120.0,4600.0,House for sale
3135,640000.0,2.0,2.0,1110.0 ,650900.0,3155.0,Condo for sale
3139,1050000.0,2.0,4.0,1378.0 ,1141100.0,3800.0,House for sale
3141,3695000.0,6.0,6.0,3377.0 ,3667600.0,10665.0,House for sale
3144,930000.0,2.0,4.0,1614.0 ,876900.0,3595.0,House for sale
3151,1189000.0,1.0,3.0,1066.0 ,1200000.0,3495.0,House for sale
3153,514900.0,2.0,2.0,949.0 ,520621.0,2650.0,Condo for sale
3155,1498000.0,3.0,3.0,1800.0 ,1614472.0,4529.0,House for sale
3159,2050000.0,4.0,5.0,3440.0 ,2073600.0,7710.0,House for sale
3160,599900.0,2.0,3.0,1290.0 ,625000.0,2928.0,Condo for sale
3161,570000.0,2.0,3.0,1186.0 ,560700.0,2999.0,House for sale
3166,1275000.0,1.0,3.0,972.0 ,1348830.0,3298.0,House for sale
3170,749000.0,3.0,3.0,1687.0 ,763000.0,3499.0,House for sale
3175,799900.0,5.0,6.0,2518.0 ,469400.0,2543.0,House for sale
3178,1388888.0,2.0,4.0,1234.0 ,1342200.0,3499.0,House for sale
3184,1299999.0,3.0,4.0,2186.0 ,1332300.0,4394.0,House for sale
3196,1230000.0,3.0,4.0,2486.0 ,1380300.0,4609.0,House for sale
3200,780000.0,2.0,3.0,1969.0 ,802700.0,4168.0,Condo for sale
3206,1385000.0,3.0,4.0,2291.0 ,1445600.0,4385.0,House for sale
3207,925000.0,2.0,2.0,1423.0 ,925000.0,3768.0,Condo for sale
3210,164999.0,1.0,1.0,480.0 ,182700.0,1842.0,Home for sale
3218,1100000.0,3.0,3.0,1305.0 ,1183897.0,3264.0,Condo for sale
3219,850000.0,3.0,3.0,1468.0 ,826800.0,3280.0,House for sale
3221,1399800.0,3.0,3.0,1874.0 ,1469341.0,4164.0,House for sale
3222,2998000.0,4.0,4.0,4349.0 ,2999034.0,6834.0,House for sale
3245,2999999.0,4.0,5.0,3583.0 ,3200000.0,10613.0,House for sale
3247,4688888.0,5.0,4.0,5847.0 ,4877284.0,9443.0,House for sale
3257,4998000.0,3.0,3.0,2451.0 ,3658000.0,12026.0,House for sale
3258,2949000.0,3.0,4.0,3256.0 ,2995400.0,5999.0,House for sale
3259,1395000.0,3.0,4.0,2907.0 ,1456982.0,4500.0,House for sale
3264,925000.0,2.0,2.0,1195.0 ,961023.0,3099.0,Condo for sale
3271,1749999.0,3.0,5.0,2533.0 ,1876723.0,4919.0,House for sale
3274,4200000.0,4.0,6.0,4200.0 ,4078500.0,13621.0,House for sale
3275,849000.0,2.0,3.0,1097.0 ,791500.0,3467.0,House for sale
3276,329000.0,2.0,2.0,1440.0 ,329300.0,3128.0,Home for sale
3289,999000.0,1.0,2.0,1010.0 ,1067000.0,2993.0,House for sale
3292,1799000.0,3.0,4.0,2813.0 ,1978900.0,5466.0,House for sale
3294,629000.0,2.0,2.0,864.0 ,649127.0,2614.0,Condo for sale
3295,875000.0,2.0,3.0,1138.0 ,880200.0,3362.0,House for sale
3297,1149000.0,2.0,4.0,1186.0 ,1215534.0,3270.0,House for sale
3302,1480000.0,3.0,5.0,2623.0 ,1576100.0,4496.0,House for sale
3304,875000.0,3.0,4.0,2278.0 ,891600.0,3999.0,House for sale
3308,1199000.0,4.0,8.0,1448.0 ,1229018.0,3728.0,House for sale
3317,839000.0,3.0,3.0,2279.0 ,853400.0,3465.0,House for sale
3319,499000.0,1.0,2.0,798.0 ,515317.0,2335.0,Condo for sale
3325,1289900.0,2.0,3.0,1583.0 ,1346000.0,4194.0,House for sale
3327,975000.0,1.0,1.0,688.0 ,1046100.0,1999.0,House for sale
3333,375000.0,2.0,4.0,1600.0 ,333000.0,2300.0,Home for sale
3337,1100000.0,2.0,3.0,1421.0 ,1151000.0,4498.0,House for sale
3343,1199000.0,2.0,4.0,1602.0 ,1185200.0,4585.0,House for sale
3344,1195000.0,2.0,3.0,1674.0 ,1215800.0,4023.0,House for sale
3350,2200000.0,2.0,2.0,1827.0 ,1886100.0,6042.0,Condo for sale
3351,599888.0,1.0,2.0,904.0 ,619506.0,2462.0,Condo for sale
3357,559000.0,2.0,2.0,904.0 ,577400.0,2429.0,Condo for sale
3358,670000.0,2.0,3.0,1136.0 ,681800.0,2699.0,House for sale
3359,469000.0,2.0,3.0,1458.0 ,469000.0,2607.0,Condo for sale
3363,2890000.0,7.0,5.0,5335.0 ,2723100.0,8944.0,House for sale
3366,399000.0,2.0,2.0,870.0 ,688300.0,3427.0,Coming soon
3368,1799950.0,2.0,3.0,1780.0 ,1905955.0,4647.0,House for sale
3376,2590000.0,4.0,5.0,3609.0 ,2654100.0,7861.0,House for sale
3378,1489000.0,3.0,4.0,2210.0 ,1597600.0,4294.0,House for sale
3386,1399000.0,2.0,3.0,1505.0 ,1418000.0,4094.0,House for sale
3395,789000.0,3.0,3.0,1416.0 ,812600.0,3599.0,Townhouse for sale
3397,299999.0,1.0,2.0,813.0 ,312800.0,1862.0,Condo for sale
3398,629000.0,3.0,2.0,1116.0 ,603900.0,2614.0,Townhouse for sale
3400,974000.0,3.0,3.0,1758.0 ,1012959.0,4200.0,Townhouse for sale
3406,1599000.0,3.0,4.0,2672.0 ,1694400.0,5499.0,House for sale
3407,1650000.0,4.0,4.0,1974.0 ,1564400.0,6188.0,House for sale
3417,630000.0,2.0,3.0,1114.0 ,521600.0,2999.0,House for sale
3420,874000.0,2.0,2.0,1322.0 ,898340.0,2900.0,Townhouse for sale
3421,719000.0,1.0,3.0,1000.0 ,725800.0,2600.0,House for sale
3426,1199900.0,3.0,3.0,2406.0 ,1223500.0,4618.0,House for sale
3430,1549000.0,5.0,6.0,3150.0 ,1510400.0,4494.0,Multi-family home for sale
3431,749000.0,3.0,2.0,1028.0 ,792890.0,2792.0,Townhouse for sale
3433,844000.0,3.0,2.0,1966.0 ,874800.0,5910.0,Condo for sale
3437,2800000.0,5.0,7.0,4130.0 ,2591700.0,8970.0,House for sale
3439,510000.0,2.0,3.0,1209.0 ,525300.0,3250.0,Condo for sale
3448,579950.0,2.0,3.0,1150.0 ,612037.0,2880.0,Townhouse for sale
3457,995000.0,4.0,3.0,2553.0 ,1467500.0,3994.0,House for sale
3470,264000.0,2.0,3.0,1368.0 ,1013200.0,3485.0,Home for sale
3472,1498000.0,3.0,3.0,2609.0 ,1498400.0,7135.0,Condo for sale
3473,588888.0,2.0,1.0,810.0 ,610224.0,2600.0,Condo for sale
3474,885000.0,3.0,2.0,1365.0 ,924448.0,3200.0,Townhouse for sale
3475,703000.0,2.0,3.0,1526.0 ,707800.0,3249.0,Condo for sale
3483,795000.0,2.0,3.0,1800.0 ,825000.0,3913.0,Multi-family home for sale
3484,329900.0,2.0,3.0,1152.0 ,329900.0,3189.0,Home for sale
3485,649999.0,1.0,2.0,907.0 ,678367.0,2499.0,Condo for sale
3493,225000.0,2.0,2.0,1056.0 ,225000.0,2949.0,Home for sale
3496,445000.0,2.0,2.0,1440.0 ,449800.0,4139.0,Home for sale
3497,718000.0,3.0,3.0,1468.0 ,721400.0,3495.0,Coming soon
3505,799000.0,1.0,2.0,696.0 ,833242.0,2463.0,House for sale
3506,920000.0,3.0,3.0,1093.0 ,938500.0,3428.0,Condo for sale
3508,939900.0,3.0,2.0,1752.0 ,957000.0,3384.0,Condo for sale
3510,849000.0,2.0,3.0,1053.0 ,860800.0,3190.0,House for sale
3512,1148800.0,2.0,4.0,1491.0 ,1288700.0,3800.0,House for sale
3518,609888.0,2.0,2.0,1056.0 ,647419.0,2664.0,Townhouse for sale
3519,1100000.0,4.0,3.0,2127.0 ,1130000.0,4133.0,Coming soon
3521,890000.0,2.0,3.0,1263.0 ,931883.0,3599.0,House for sale
3523,639000.0,4.0,3.0,2047.0 ,630900.0,3222.0,Townhouse for sale
3525,918888.0,1.0,2.0,1036.0 ,945800.0,3063.0,House for sale
3538,272250.0,1.0,1.0,650.0 ,335500.0,1694.0,Condo for sale
3539,1249000.0,2.0,4.0,1876.0 ,1328505.0,4500.0,House for sale
3542,2499999.0,3.0,3.0,4562.0 ,2500000.0,8286.0,House for sale
3543,748000.0,4.0,7.0,1847.0 ,769200.0,3451.0,House for sale
3545,1299000.0,3.0,4.0,1649.0 ,1281700.0,4335.0,House for sale
3548,675000.0,2.0,4.0,1484.0 ,687400.0,2997.0,House for sale
3552,899999.0,2.0,3.0,1241.0 ,942186.0,3399.0,House for sale
3554,1350000.0,5.0,4.0,2889.0 ,1060100.0,4659.0,New construction
3555,4500000.0,2.0,4.0,2502.0 ,4445500.0,10303.0,House for sale
3556,869900.0,2.0,3.0,1521.0 ,877800.0,3829.0,House for sale
3557,1598000.0,3.0,4.0,1671.0 ,1666485.0,4164.0,House for sale
3562,485000.0,2.0,3.0,920.0 ,511900.0,2364.0,Condo for sale
3576,1188000.0,2.0,2.0,1112.0 ,1227100.0,3214.0,House for sale
3579,1188000.0,2.0,4.0,1282.0 ,1315600.0,4114.0,House for sale
3581,199900.0,1.0,2.0,840.0 ,204900.0,2227.0,Home for sale
3586,639000.0,1.0,2.0,910.0 ,666500.0,2791.0,House for sale
3600,4199900.0,8.0,6.0,7500.0 ,4144300.0,13651.0,New construction
3610,609000.0,2.0,2.0,922.0 ,615600.0,2684.0,Condo for sale
3613,699000.0,3.0,3.0,1129.0 ,739242.0,2996.0,Townhouse for sale
3615,1199999.0,3.0,4.0,1620.0 ,1329885.0,3980.0,House for sale
3625,1499000.0,3.0,4.0,2672.0 ,1544100.0,5307.0,House for sale
3629,789000.0,2.0,4.0,1742.0 ,816800.0,3099.0,House for sale
3632,899000.0,1.0,2.0,1260.0 ,932296.0,3343.0,House for sale
3638,1875000.0,2.0,4.0,1742.0 ,1600900.0,4227.0,House for sale
3646,1200000.0,2.0,5.0,1450.0 ,1217100.0,2900.0,House for sale
3653,9500000.0,5.0,5.0,6734.0 ,9367181.0,18086.0,House for sale
3655,799000.0,2.0,2.0,1387.0 ,852200.0,3599.0,Condo for sale
3660,773888.0,3.0,2.0,1473.0 ,817078.0,3200.0,Townhouse for sale
3664,1399000.0,2.0,3.0,1457.0 ,1440700.0,3995.0,House for sale
3670,1168000.0,4.0,4.0,1707.0 ,1248630.0,3699.0,Townhouse for sale
3674,788888.0,2.0,2.0,1241.0 ,825784.0,2949.0,Townhouse for sale
3680,849000.0,4.0,6.0,2800.0 ,866900.0,4264.0,House for sale
3681,1450000.0,3.0,3.0,2095.0 ,1506500.0,4879.0,House for sale
3684,1550000.0,3.0,4.0,3037.0 ,1651700.0,5499.0,House for sale
3688,1199000.0,3.0,4.0,1960.0 ,1255353.0,4028.0,House for sale
3689,295000.0,1.0,2.0,751.0 ,308000.0,1898.0,Condo for sale
3695,1299000.0,2.0,3.0,1761.0 ,1366189.0,3504.0,House for sale
3702,925000.0,2.0,2.0,1326.0 ,966400.0,3563.0,House for sale
3704,949000.0,2.0,4.0,1324.0 ,998754.0,3499.0,House for sale
3705,950000.0,2.0,3.0,1671.0 ,981404.0,3694.0,House for sale
3708,1399800.0,3.0,3.0,1409.0 ,1475843.0,3881.0,Townhouse for sale
3710,998888.0,2.0,4.0,1873.0 ,1089800.0,3999.0,House for sale
3715,229900.0,2.0,3.0,1440.0 ,229900.0,3448.0,Home for sale
3716,892800.0,3.0,4.0,2880.0 ,912842.0,4227.0,House for sale
3722,1850000.0,4.0,4.0,2793.0 ,1982100.0,5499.0,House for sale
3723,1399000.0,1.0,2.0,1054.0 ,1427051.0,2984.0,House for sale
3729,1549000.0,2.0,3.0,1709.0 ,1631982.0,3902.0,House for sale
3731,539000.0,2.0,2.0,949.0 ,541900.0,2600.0,Condo for sale
3733,580000.0,1.0,0.0,683.0 ,574700.0,2388.0,Condo for sale
3744,768000.0,2.0,2.0,1063.0 ,798900.0,2984.0,House for sale
3746,618000.0,2.0,2.0,871.0 ,643601.0,2499.0,Condo for sale
3760,469000.0,2.0,3.0,1344.0 ,499900.0,3222.0,Condo for sale
3762,395000.0,2.0,2.0,1012.0 ,406400.0,2028.0,Condo for sale
3764,489000.0,2.0,3.0,1194.0 ,503500.0,2942.0,Multi-family home for sale
3768,695000.0,2.0,3.0,1330.0 ,705600.0,2864.0,House for sale
3769,1098888.0,2.0,4.0,1743.0 ,1287000.0,3850.0,House for sale
3779,525000.0,1.0,1.0,684.0 ,554300.0,1881.0,House for sale
3788,128000.0,2.0,2.0,880.0 ,130000.0,2084.0,Home for sale
3790,899988.0,3.0,3.0,1629.0 ,935987.0,3499.0,Townhouse for sale
3800,1350000.0,3.0,5.0,1876.0 ,1240000.0,3208.0,House for sale
3813,5000000.0,3.0,2.0,3530.0 ,5000000.0,17376.0,House for sale
3817,1800000.0,4.0,4.0,3395.0 ,1806100.0,6339.0,House for sale
3818,1199000.0,2.0,3.0,1573.0 ,945300.0,3270.0,Coming soon
3825,1688000.0,4.0,4.0,2214.0 ,1751551.0,4778.0,House for sale
3835,475000.0,2.0,2.0,980.0 ,490600.0,2114.0,Condo for sale
3840,675000.0,2.0,3.0,1134.0 ,661900.0,2870.0,Coming soon
3842,735000.0,2.0,3.0,1056.0 ,758900.0,2822.0,Condo for sale
3851,2288888.0,2.0,3.0,1836.0 ,2363744.0,3750.0,Condo for sale
3854,499900.0,2.0,2.0,972.0 ,514400.0,2511.0,Condo for sale
3858,304900.0,2.0,3.0,1140.0 ,248500.0,3066.0,Home for sale
3859,1398000.0,3.0,5.0,2397.0 ,1565000.0,4470.0,House for sale
3860,1195000.0,2.0,3.0,2642.0 ,1230328.0,4666.0,House for sale
3868,1199990.0,3.0,4.0,2056.0 ,1141400.0,4300.0,House for sale
3870,699000.0,2.0,3.0,1474.0 ,769200.0,3221.0,House for sale
3872,1649000.0,2.0,3.0,1690.0 ,1737339.0,4164.0,House for sale
3875,379900.0,3.0,2.0,1069.0 ,378300.0,2198.0,Condo for sale
3883,499000.0,2.0,3.0,1208.0 ,496300.0,2790.0,Coming soon
3896,745000.0,2.0,2.0,1600.0 ,763600.0,2996.0,House for sale
3898,548000.0,2.0,2.0,975.0 ,561189.0,2407.0,Condo for sale
3901,1300000.0,3.0,5.0,2740.0 ,1429700.0,4544.0,House for sale
3910,169999.0,2.0,2.0,960.0 ,173400.0,2706.0,Home for sale
3911,749000.0,2.0,2.0,1087.0 ,781600.0,2813.0,Condo for sale
3913,425000.0,2.0,2.0,1800.0 ,434540.0,3196.0,Home for sale
3924,1299000.0,3.0,3.0,1644.0 ,1376361.0,3899.0,House for sale
3927,1099999.0,3.0,4.0,1954.0 ,1371400.0,4195.0,House for sale
3930,449000.0,1.0,1.0,535.0 ,411800.0,2392.0,Condo for sale
3931,1995000.0,4.0,4.0,2682.0 ,2047900.0,8293.0,House for sale
3938,1790000.0,3.0,3.0,2838.0 ,1663900.0,7474.0,House for sale
3940,2190000.0,2.0,3.0,1695.0 ,2254300.0,4659.0,House for sale
3943,1399000.0,3.0,5.0,2236.0 ,1357500.0,4500.0,House for sale
3946,699000.0,2.0,2.0,750.0 ,757900.0,2570.0,House for sale
3947,769900.0,2.0,3.0,1281.0 ,792100.0,3449.0,House for sale
3953,649900.0,2.0,3.0,1268.0 ,657400.0,2962.0,House for sale
3962,699000.0,2.0,3.0,1350.0 ,728300.0,3095.0,House for sale
3966,925000.0,4.0,5.0,2435.0 ,940900.0,3999.0,House for sale
3967,569000.0,2.0,4.0,1310.0 ,588006.0,2963.0,House for sale
3971,767900.0,2.0,2.0,930.0 ,787400.0,3499.0,Condo for sale
3972,650000.0,2.0,3.0,1314.0 ,655100.0,2928.0,House for sale
3980,520000.0,2.0,2.0,902.0 ,538700.0,2553.0,Condo for sale
3982,1095000.0,4.0,3.0,2315.0 ,1100300.0,4749.0,Condo for sale
3989,10895000.0,6.0,5.0,4430.0 ,10593600.0,35461.0,House for sale
3990,1200000.0,2.0,4.0,1661.0 ,878000.0,3869.0,House for sale
3999,1999000.0,3.0,4.0,2316.0 ,2288600.0,4503.0,House for sale
4005,5495000.0,8.0,6.0,8915.0 ,5309200.0,2931.0,House for sale
4008,481000.0,2.0,3.0,970.0 ,508000.0,2799.0,House for sale
4014,1995000.0,3.0,4.0,2240.0 ,2059289.0,4850.0,House for sale
4018,1400000.0,2.0,3.0,1519.0 ,1461043.0,3994.0,House for sale
4020,817530.0,3.0,7.0,2364.0 ,958500.0,4900.0,House for sale
4021,2299000.0,3.0,4.0,2465.0 ,1993700.0,7858.0,Coming soon
4023,1019000.0,3.0,3.0,1754.0 ,1032400.0,3711.0,House for sale
4027,1645000.0,3.0,4.0,1781.0 ,1724358.0,3995.0,House for sale
4032,1949000.0,3.0,4.0,1758.0 ,2194900.0,4570.0,House for sale
4036,1300000.0,3.0,5.0,2506.0 ,1197600.0,4500.0,House for sale
4043,675000.0,2.0,3.0,1378.0 ,692600.0,3063.0,Coming soon
4048,1598000.0,3.0,4.0,2613.0 ,1776900.0,5999.0,House for sale
4056,775000.0,2.0,3.0,1632.0 ,788900.0,3726.0,House for sale
4058,535000.0,2.0,2.0,955.0 ,555719.0,2462.0,Condo for sale
4059,1568000.0,2.0,3.0,1250.0 ,1732100.0,3835.0,House for sale
4064,289000.0,2.0,2.0,1440.0 ,292900.0,4198.0,Home for sale
4069,1399999.0,2.0,4.0,1639.0 ,1473207.0,3864.0,House for sale
4070,1049000.0,3.0,5.0,2273.0 ,1131800.0,4065.0,House for sale
4073,1659000.0,3.0,3.0,2183.0 ,1674600.0,6299.0,Condo for sale
4074,1150000.0,2.0,4.0,1738.0 ,1211500.0,4459.0,House for sale
4075,679000.0,3.0,4.0,2021.0 ,676600.0,3229.0,New construction
4077,6850000.0,4.0,4.0,4228.0 ,6575000.0,21850.0,House for sale
4079,170000.0,1.0,2.0,600.0 ,173400.0,1884.0,Home for sale
4084,594000.0,1.0,2.0,822.0 ,594000.0,2719.0,Condo for sale
4099,900000.0,3.0,4.0,2171.0 ,924000.0,3464.0,House for sale
4107,1875000.0,3.0,4.0,2478.0 ,1958394.0,5351.0,House for sale
4111,925000.0,2.0,4.0,1918.0 ,842500.0,4137.0,House for sale
4117,1275000.0,3.0,2.0,1410.0 ,1318600.0,3599.0,Condo for sale
4120,294100.0,1.0,2.0,813.0 ,307500.0,1849.0,Condo for sale
4131,799000.0,3.0,3.0,1819.0 ,820300.0,3132.0,House for sale
4134,1800000.0,3.0,4.0,2247.0 ,1991200.0,5054.0,House for sale
4137,1595000.0,2.0,2.0,1748.0 ,1695000.0,7297.0,Condo for sale
4140,965000.0,2.0,2.0,1200.0 ,1011319.0,3099.0,Townhouse for sale
4142,3300000.0,4.0,5.0,3050.0 ,3300000.0,5189.0,House for sale
4147,889000.0,2.0,2.0,1198.0 ,898200.0,3363.0,House for sale
4148,525000.0,2.0,2.0,1225.0 ,540100.0,2895.0,Condo for sale
4151,1590000.0,3.0,4.0,1976.0 ,1682071.0,4500.0,House for sale
4167,2350000.0,4.0,5.0,3014.0 ,2541421.0,5291.0,House for sale
4176,485000.0,1.0,1.0,765.0 ,484900.0,2824.0,Condo for sale
4177,340000.0,1.0,1.0,616.0 ,340100.0,1794.0,Condo for sale
4178,1395000.0,4.0,4.0,2153.0 ,1477945.0,4200.0,House for sale
4179,1999800.0,3.0,4.0,2748.0 ,2106932.0,5496.0,House for sale
4180,575000.0,2.0,2.0,1069.0 ,575000.0,3284.0,Coming soon
4182,875000.0,3.0,3.0,1585.0 ,926273.0,3665.0,Townhouse for sale
4188,525000.0,2.0,3.0,1162.0 ,534200.0,2756.0,House for sale
4193,511900.0,2.0,2.0,896.0 ,528150.0,2713.0,Condo for sale
4195,850000.0,3.0,3.0,1869.0 ,877300.0,3434.0,Condo for sale
4196,679000.0,3.0,2.0,1421.0 ,729000.0,3234.0,Townhouse for sale
4199,1500000.0,3.0,4.0,1932.0 ,1573709.0,3999.0,House for sale
4201,570000.0,1.0,1.0,914.0 ,591700.0,2400.0,Condo for sale
4203,699000.0,2.0,2.0,1078.0 ,657200.0,2949.0,Condo for sale
4207,2000000.0,3.0,5.0,3517.0 ,1986900.0,5439.0,House for sale
4214,339900.0,2.0,3.0,1200.0 ,336804.0,3599.0,House for sale
4218,699000.0,3.0,3.0,1350.0 ,750200.0,3300.0,Condo for sale
4229,2000000.0,4.0,4.0,2748.0 ,2059100.0,9499.0,House for sale
4233,649000.0,2.0,4.0,1481.0 ,666000.0,3200.0,House for sale
4234,1100000.0,2.0,3.0,1991.0 ,1078100.0,3798.0,House for sale
4244,855000.0,2.0,3.0,1014.0 ,861600.0,3391.0,House for sale
4246,1295000.0,2.0,4.0,1554.0 ,1198400.0,3949.0,House for sale
4250,1197000.0,2.0,3.0,1110.0 ,1267495.0,3599.0,House for sale
4254,1086000.0,3.0,5.0,2227.0 ,1112200.0,3997.0,House for sale
4255,999500.0,5.0,5.0,3475.0 ,1060700.0,4764.0,House for sale
4265,479000.0,1.0,1.0,807.0 ,479000.0,2493.0,Condo for sale
4267,664000.0,2.0,2.0,1341.0 ,680344.0,3111.0,Townhouse for sale
4271,1700000.0,3.0,3.0,1993.0 ,1706600.0,4426.0,House for sale
4278,1379000.0,3.0,3.0,2146.0 ,1421800.0,4850.0,Condo for sale
4284,1299000.0,4.0,4.0,2792.0 ,1311000.0,4694.0,House for sale
4288,1499000.0,2.0,3.0,1808.0 ,1573952.0,3772.0,House for sale
4289,275000.0,1.0,1.0,550.0 ,299300.0,1529.0,Condo for sale
4290,640000.0,2.0,3.0,1384.0 ,644800.0,3620.0,Coming soon
4291,899000.0,3.0,4.0,1929.0 ,1053200.0,4323.0,House for sale
4297,139500.0,2.0,2.0,1340.0 ,195600.0,3628.0,Home for sale
4299,725000.0,2.0,4.0,1865.0 ,743000.0,3499.0,House for sale
4312,368000.0,2.0,3.0,1506.0 ,368000.0,3473.0,Home for sale
4314,1139000.0,3.0,4.0,2547.0 ,1176400.0,4496.0,House for sale
4315,539000.0,2.0,2.0,1223.0 ,539071.0,2791.0,Condo for sale
4317,968000.0,4.0,6.0,1232.0 ,978777.0,2301.0,House for sale
4320,799000.0,4.0,4.0,2970.0 ,804000.0,3999.0,House for sale
4321,549500.0,3.0,2.0,980.0 ,573000.0,2822.0,Condo for sale
4329,1095000.0,3.0,3.0,1984.0 ,1119300.0,4170.0,House for sale
4340,179000.0,2.0,4.0,1344.0 ,1191000.0,3599.0,Home for sale
4344,759000.0,2.0,3.0,1199.0 ,803476.0,2984.0,Townhouse for sale
4351,730000.0,3.0,5.0,1756.0 ,746100.0,3099.0,House for sale
4356,2999888.0,2.0,3.0,1521.0 ,3022966.0,3599.0,House for sale
4358,1649000.0,2.0,5.0,1918.0 ,1746300.0,4469.0,House for sale
4359,6299000.0,1.0,1.0,700.0 ,1005600.0,1996.0,House for sale
4360,499000.0,1.0,2.0,820.0 ,499600.0,2524.0,Condo for sale
4363,1195000.0,2.0,3.0,1298.0 ,1266300.0,3495.0,House for sale
4369,1299000.0,3.0,2.0,1496.0 ,1468800.0,5998.0,House for sale
4370,795900.0,2.0,2.0,1186.0 ,813214.0,3527.0,Condo for sale
4380,375000.0,2.0,2.0,1192.0 ,377500.0,2499.0,Condo for sale
4384,439900.0,2.0,3.0,1184.0 ,445930.0,2498.0,Condo for sale
4386,2975000.0,3.0,4.0,2835.0 ,2573100.0,8395.0,Coming soon
4392,850000.0,2.0,3.0,1658.0 ,946800.0,3599.0,House for sale
4393,1349000.0,4.0,4.0,2170.0 ,1429939.0,4053.0,Townhouse for sale
4396,665000.0,2.0,3.0,1575.0 ,678400.0,3034.0,House for sale
4398,399000.0,1.0,1.0,692.0 ,414900.0,1849.0,Condo for sale
4404,1949900.0,4.0,5.0,3050.0 ,1907200.0,5484.0,Coming soon
4409,1198888.0,3.0,4.0,1347.0 ,1341948.0,3800.0,House for sale
4410,799000.0,2.0,2.0,1056.0 ,829000.0,3181.0,Condo for sale
4413,1075000.0,1.0,2.0,1070.0 ,1052100.0,3200.0,House for sale
4415,1358000.0,2.0,3.0,1453.0 ,1460433.0,3528.0,House for sale
4431,890000.0,2.0,4.0,1496.0 ,918900.0,3899.0,Multi-family home for sale
4433,1450000.0,4.0,4.0,2889.0 ,1466100.0,4600.0,House for sale
4447,1279000.0,2.0,3.0,1136.0 ,1387124.0,3499.0,House for sale
4455,985211.0,3.0,4.0,1647.0 ,1256900.0,3798.0,House for sale
4456,899900.0,2.0,3.0,1258.0 ,735000.0,3595.0,Coming soon
4465,1199000.0,3.0,3.0,1603.0 ,1214200.0,4140.0,House for sale
4466,880000.0,2.0,2.0,1370.0 ,989800.0,4200.0,Condo for sale
4467,1098000.0,2.0,2.0,1275.0 ,1120000.0,3095.0,Condo for sale
4474,1088000.0,3.0,3.0,2078.0 ,1138995.0,3984.0,Condo for sale
4483,750000.0,2.0,3.0,1098.0 ,665100.0,2925.0,House for sale
4490,3995000.0,4.0,4.0,3717.0 ,3263200.0,10736.0,House for sale
4493,940000.0,2.0,3.0,1630.0 ,748600.0,3596.0,House for sale
4498,439000.0,1.0,2.0,811.0 ,447959.0,2350.0,Condo for sale
4502,648000.0,2.0,2.0,1080.0 ,671309.0,2710.0,Condo for sale
4504,629999.0,1.0,3.0,991.0 ,662097.0,3200.0,Condo for sale
4508,649000.0,2.0,4.0,1736.0 ,663900.0,3314.0,House for sale
4509,1099888.0,2.0,3.0,1239.0 ,1165286.0,3869.0,Condo for sale
4516,2700000.0,2.0,3.0,1636.0 ,2449300.0,8066.0,House for sale
4524,629000.0,2.0,3.0,1221.0 ,640500.0,2849.0,House for sale
4532,1695000.0,2.0,3.0,1193.0 ,1901500.0,3716.0,House for sale
4536,849900.0,3.0,3.0,1530.0 ,865600.0,3099.0,House for sale
4543,799999.0,3.0,3.0,1413.0 ,813166.0,3499.0,Townhouse for sale
4544,1251000.0,4.0,3.0,1825.0 ,1251119.0,3805.0,Townhouse for sale
4547,1950000.0,3.0,3.0,2188.0 ,2020800.0,5499.0,House for sale
4551,154500.0,2.0,3.0,1040.0 ,154501.0,2600.0,Home for sale
4553,529000.0,2.0,3.0,1170.0 ,536000.0,2699.0,Townhouse for sale
4558,1895000.0,4.0,5.0,2948.0 ,1984000.0,7986.0,House for sale
4559,899000.0,2.0,4.0,1350.0 ,808900.0,3370.0,House for sale
4561,775000.0,3.0,3.0,2154.0 ,806000.0,3440.0,House for sale
4562,1099000.0,3.0,4.0,1986.0 ,1138400.0,4455.0,House for sale
4566,165000.0,1.0,2.0,800.0 ,171600.0,2725.0,Home for sale
4572,525000.0,2.0,2.0,1764.0 ,534000.0,3497.0,Home for sale
4577,875000.0,3.0,3.0,1661.0 ,950300.0,3711.0,House for sale
4579,1860000.0,4.0,5.0,2842.0 ,1974461.0,5340.0,House for sale
4585,899000.0,2.0,3.0,1048.0 ,913800.0,3463.0,House for sale
4588,850900.0,3.0,4.0,1724.0 ,882900.0,3814.0,House for sale
4593,495000.0,3.0,2.0,1202.0 ,508199.0,2598.0,Condo for sale
4603,129000.0,1.0,2.0,864.0 ,130000.0,2028.0,Home for sale
4604,849000.0,2.0,4.0,1697.0 ,913700.0,3270.0,House for sale
4613,1198000.0,2.0,3.0,1705.0 ,1430800.0,4097.0,House for sale
4622,1195000.0,2.0,2.0,1296.0 ,1206960.0,3528.0,Condo for sale
4625,375000.0,1.0,1.0,620.0 ,396600.0,1866.0,Condo for sale
4626,188888.0,2.0,3.0,1464.0 ,263400.0,2875.0,Home for sale
4627,1399999.0,3.0,4.0,1620.0 ,1514230.0,3949.0,House for sale
4628,2595000.0,4.0,4.0,3071.0 ,2123000.0,6966.0,House for sale
4635,650000.0,2.0,2.0,1020.0 ,650000.0,2935.0,Condo for sale
4642,600000.0,4.0,4.0,1831.0 ,808600.0,3226.0,Townhouse for sale
4646,3900000.0,5.0,5.0,3865.0 ,3808000.0,14856.0,House for sale
4660,909888.0,2.0,2.0,1676.0 ,932635.0,3492.0,Condo for sale
4666,94999.0,2.0,2.0,1440.0 ,121400.0,2862.0,Home for sale
4669,12850000.0,6.0,5.0,7035.0 ,12391800.0,12933.0,New construction
4674,210000.0,2.0,3.0,1040.0 ,213600.0,3363.0,Home for sale
4675,425000.0,1.0,2.0,820.0 ,411100.0,2199.0,Condo for sale
4680,690000.0,3.0,4.0,1614.0 ,708900.0,3195.0,House for sale
4682,649000.0,2.0,2.0,910.0 ,669300.0,3494.0,Condo for sale
4688,725000.0,3.0,2.0,1908.0 ,740400.0,3625.0,Townhouse for sale
4689,649888.0,1.0,2.0,1047.0 ,698500.0,2910.0,Townhouse for sale
4695,559000.0,3.0,4.0,1701.0 ,573300.0,3399.0,Townhouse for sale
4704,629000.0,3.0,5.0,1460.0 ,641900.0,3499.0,House for sale
4707,439000.0,1.0,2.0,920.0 ,450256.0,2400.0,Condo for sale
4708,1749000.0,3.0,4.0,3000.0 ,1889675.0,5291.0,House for sale
4711,490000.0,1.0,1.0,744.0 ,497900.0,2196.0,Condo for sale
4716,995000.0,3.0,3.0,2186.0 ,1030600.0,3897.0,House for sale
4719,1034900.0,2.0,2.0,1692.0 ,1034900.0,4500.0,Condo for sale
4722,839900.0,2.0,3.0,1296.0 ,766000.0,3127.0,House for sale
4724,679000.0,2.0,2.0,1078.0 ,679800.0,2934.0,House for sale
4727,818000.0,1.0,2.0,819.0 ,834000.0,2600.0,House for sale
4728,875000.0,3.0,2.0,1380.0 ,931000.0,4496.0,Condo for sale
4729,1149000.0,2.0,4.0,1102.0 ,1205116.0,3499.0,House for sale
4732,1175000.0,1.0,3.0,1170.0 ,1258300.0,3300.0,House for sale
4734,1275000.0,1.0,3.0,1184.0 ,1378800.0,3298.0,House for sale
4737,530000.0,2.0,2.0,907.0 ,540400.0,2281.0,Condo for sale
4741,849000.0,3.0,3.0,1951.0 ,826300.0,3534.0,Multi-family home for sale
4742,1395000.0,2.0,3.0,2318.0 ,1229500.0,4894.0,Condo for sale
4745,749000.0,1.0,2.0,960.0 ,767725.0,2723.0,House for sale
4746,999900.0,1.0,2.0,1056.0 ,1059200.0,2999.0,House for sale
4750,1249000.0,3.0,4.0,2346.0 ,1212300.0,5000.0,House for sale
4753,825000.0,2.0,4.0,1404.0 ,836600.0,3669.0,Foreclosure
4763,9295000.0,7.0,5.0,4437.0 ,9035100.0,30245.0,House for sale
4777,880000.0,3.0,3.0,1443.0 ,925700.0,3399.0,Townhouse for sale
4782,3200000.0,5.0,5.0,3629.0 ,3202300.0,13151.0,House for sale
4787,799000.0,2.0,3.0,1428.0 ,821828.0,3458.0,House for sale
4789,669000.0,2.0,2.0,992.0 ,676870.0,2734.0,Townhouse for sale
4792,450000.0,2.0,3.0,1192.0 ,426600.0,2774.0,Condo for sale
4793,789000.0,3.0,3.0,1452.0 ,832300.0,3281.0,Townhouse for sale
4797,975000.0,3.0,3.0,1815.0 ,1051300.0,3750.0,Townhouse for sale
4799,1099000.0,3.0,4.0,2038.0 ,1128400.0,3718.0,House for sale
4816,3350000.0,6.0,5.0,4627.0 ,3402800.0,9096.0,House for sale
4818,675000.0,1.0,2.0,816.0 ,708239.0,2859.0,House for sale
4831,369900.0,1.0,2.0,788.0 ,391500.0,2162.0,Condo for sale
4835,1275000.0,2.0,3.0,1448.0 ,1330451.0,3963.0,House for sale
4838,1299888.0,2.0,4.0,1868.0 ,1355600.0,3995.0,House for sale
4841,839999.0,3.0,3.0,1720.0 ,894735.0,3584.0,Townhouse for sale
4847,1200000.0,2.0,3.0,1314.0 ,1018700.0,3399.0,Coming soon
4851,649000.0,2.0,2.0,871.0 ,680466.0,2499.0,Condo for sale
4855,899900.0,2.0,3.0,1354.0 ,913100.0,3449.0,House for sale
4867,549900.0,1.0,2.0,862.0 ,568585.0,2400.0,Condo for sale
4870,2995000.0,4.0,3.0,3263.0 ,3463900.0,11664.0,House for sale
4872,9500000.0,4.0,5.0,4950.0 ,9248500.0,30933.0,House for sale
4889,749999.0,1.0,2.0,658.0 ,810000.0,2505.0,House for sale
4893,799000.0,2.0,3.0,1262.0 ,731500.0,3499.0,House for sale
4894,1025000.0,2.0,4.0,1988.0 ,1138400.0,3829.0,House for sale
4895,679000.0,2.0,3.0,1567.0 ,606400.0,3198.0,House for sale
4896,1298000.0,2.0,4.0,1926.0 ,1393900.0,4043.0,House for sale
4900,889300.0,2.0,3.0,1314.0 ,781100.0,3675.0,House for sale
4902,1699950.0,3.0,4.0,1676.0 ,1749400.0,4256.0,House for sale
4911,1900000.0,2.0,3.0,1988.0 ,1741400.0,6439.0,Condo for sale
4915,834900.0,3.0,3.0,2350.0 ,835697.0,3565.0,House for sale
4922,1250000.0,3.0,4.0,2468.0 ,1317100.0,4253.0,House for sale
4926,2939000.0,4.0,4.0,3458.0 ,2082500.0,6956.0,House for sale
4931,769000.0,2.0,2.0,850.0 ,801898.0,2594.0,Condo for sale
4934,599000.0,1.0,1.0,675.0 ,622573.0,1828.0,House for sale
4937,2299000.0,1.0,3.0,1269.0 ,2338318.0,3291.0,House for sale
4940,849000.0,3.0,3.0,1496.0 ,889915.0,3563.0,Townhouse for sale
4943,749900.0,3.0,3.0,1750.0 ,774100.0,3928.0,Townhouse for sale
4948,435000.0,1.0,1.0,554.0 ,450900.0,2300.0,Condo for sale
4950,995000.0,2.0,3.0,986.0 ,1126922.0,3366.0,House for sale
4955,999900.0,3.0,4.0,2100.0 ,1034400.0,4133.0,House for sale
4956,1349000.0,5.0,4.0,3370.0 ,1349000.0,4864.0,House for sale
4968,999555.0,2.0,5.0,1703.0 ,1072600.0,4076.0,House for sale
4970,749000.0,2.0,2.0,1423.0 ,801200.0,3750.0,Townhouse for sale
4973,734900.0,3.0,5.0,1567.0 ,748488.0,3270.0,House for sale
4978,589000.0,2.0,1.0,1207.0 ,605900.0,2856.0,Condo for sale
4979,429000.0,2.0,2.0,1144.0 ,442600.0,2167.0,Condo for sale
4982,4290000.0,4.0,5.0,3903.0 ,4268500.0,12484.0,House for sale
4984,1249990.0,2.0,3.0,1633.0 ,1332159.0,3699.0,House for sale
5002,580000.0,2.0,3.0,1439.0 ,594200.0,2943.0,House for sale
5007,6450000.0,6.0,4.0,4638.0 ,6296500.0,9608.0,House for sale
5008,649000.0,2.0,3.0,1246.0 ,670027.0,2990.0,Condo for sale
5023,1850000.0,4.0,3.0,3340.0 ,1921100.0,8322.0,Condo for sale
5024,1198000.0,3.0,3.0,1630.0 ,1235300.0,4200.0,House for sale
5031,1296000.0,3.0,3.0,1554.0 ,1316300.0,4498.0,Condo for sale
5032,3600000.0,2.0,3.0,1336.0 ,1976900.0,3658.0,House for sale
5033,2288000.0,6.0,5.0,4873.0 ,2646400.0,8740.0,House for sale
5036,775000.0,3.0,5.0,2028.0 ,791000.0,3940.0,House for sale
5038,1299000.0,3.0,5.0,1831.0 ,1154300.0,4592.0,House for sale
5040,469000.0,2.0,3.0,1071.0 ,477800.0,2462.0,Condo for sale
5050,1300000.0,3.0,5.0,2800.0 ,1345700.0,5858.0,House for sale
5052,1349000.0,3.0,5.0,2328.0 ,1389300.0,3969.0,House for sale
5053,495000.0,2.0,2.0,1006.0 ,441400.0,2295.0,House for sale
5055,1598888.0,3.0,4.0,3000.0 ,1691400.0,4696.0,House for sale
5056,968000.0,3.0,3.0,1736.0 ,998000.0,3566.0,Coming soon
5057,950000.0,3.0,4.0,1446.0 ,966600.0,3484.0,House for sale
5058,870000.0,3.0,3.0,1330.0 ,898064.0,3264.0,Townhouse for sale
5059,549000.0,2.0,2.0,894.0 ,536700.0,2697.0,Condo for sale
5061,1329000.0,2.0,4.0,1895.0 ,1181800.0,4093.0,House for sale
5072,229000.0,2.0,3.0,1080.0 ,229400.0,2699.0,Home for sale
5074,999000.0,2.0,3.0,1208.0 ,1141714.0,3650.0,House for sale
5075,795000.0,1.0,2.0,1037.0 ,827000.0,3351.0,House for sale
5077,1285000.0,3.0,3.0,1867.0 ,1305580.0,3785.0,Condo for sale
5081,329900.0,1.0,1.0,640.0 ,358800.0,1749.0,Condo for sale
5096,599999.0,3.0,3.0,1492.0 ,621100.0,3467.0,House for sale
5097,1329000.0,3.0,3.0,1609.0 ,1410300.0,4565.0,Condo for sale
5098,260000.0,2.0,2.0,1680.0 ,260000.0,3532.0,Home for sale
5100,949000.0,2.0,4.0,1909.0 ,978300.0,4266.0,House for sale
5101,880000.0,3.0,3.0,1547.0 ,821700.0,3399.0,Townhouse for sale
5103,775000.0,3.0,3.0,1540.0 ,775300.0,3149.0,Townhouse for sale
5104,615000.0,2.0,4.0,1174.0 ,620200.0,2981.0,House for sale
5119,1495000.0,3.0,4.0,2006.0 ,1563600.0,6263.0,House for sale
5128,475000.0,2.0,2.0,877.0 ,494191.0,2364.0,Condo for sale
5132,548000.0,2.0,1.0,1004.0 ,567855.0,2497.0,Condo for sale
5135,919000.0,2.0,2.0,887.0 ,919000.0,2833.0,Condo for sale
5140,1800000.0,2.0,4.0,1928.0 ,1952500.0,5745.0,House for sale
5142,12000000.0,6.0,5.0,7947.0 ,13436400.0,44086.0,House for sale
5143,2768500.0,3.0,5.0,3155.0 ,2999100.0,5526.0,House for sale
5145,1049998.0,3.0,4.0,1626.0 ,1088275.0,3699.0,House for sale
5146,400000.0,1.0,1.0,641.0 ,417700.0,2011.0,Condo for sale
5147,874999.0,2.0,3.0,938.0 ,911148.0,3434.0,House for sale
5148,678000.0,2.0,2.0,1061.0 ,717729.0,2792.0,Condo for sale
5152,445000.0,2.0,1.0,854.0 ,463800.0,2490.0,Condo for sale
5154,848999.0,2.0,3.0,1869.0 ,870600.0,2999.0,House for sale
5159,589000.0,2.0,3.0,1127.0 ,612100.0,2827.0,Condo for sale
5160,950000.0,3.0,3.0,1696.0 ,1003893.0,3800.0,Townhouse for sale
5169,899000.0,2.0,3.0,1040.0 ,951050.0,3413.0,House for sale
5177,1499000.0,3.0,4.0,2704.0 ,1644670.0,4429.0,House for sale
5180,459000.0,2.0,2.0,894.0 ,474100.0,2434.0,House for sale
5183,875000.0,2.0,3.0,1419.0 ,883300.0,3603.0,House for sale
5188,939900.0,2.0,2.0,1479.0 ,978730.0,3468.0,Townhouse for sale
5189,944900.0,1.0,4.0,1178.0 ,980100.0,4065.0,House for sale
5193,1099950.0,3.0,3.0,1666.0 ,1169034.0,3569.0,Townhouse for sale
5194,370000.0,1.0,2.0,738.0 ,397600.0,2100.0,Condo for sale
5198,629900.0,1.0,3.0,1098.0 ,644600.0,2904.0,House for sale
5202,1819000.0,3.0,3.0,2131.0 ,1889000.0,7199.0,Condo for sale
5204,619900.0,3.0,2.0,1373.0 ,618600.0,2949.0,Condo for sale
5208,875000.0,2.0,4.0,1400.0 ,878800.0,3763.0,House for sale
5213,449000.0,2.0,3.0,1071.0 ,457200.0,2462.0,Condo for sale
5214,711900.0,2.0,3.0,1517.0 ,730153.0,3166.0,Townhouse for sale
5215,2650000.0,3.0,4.0,2192.0 ,2650000.0,8672.0,House for sale
5216,689000.0,2.0,2.0,1277.0 ,722900.0,2963.0,Condo for sale
5221,579000.0,1.0,3.0,1063.0 ,593900.0,2820.0,House for sale
5223,1198000.0,2.0,3.0,1641.0 ,1262223.0,3934.0,House for sale
5224,780000.0,3.0,2.0,1232.0 ,813900.0,3227.0,Condo for sale
5241,699000.0,2.0,2.0,1600.0 ,762900.0,3234.0,House for sale
5246,1895000.0,4.0,5.0,2000.0 ,2022200.0,6210.0,House for sale
5248,6900000.0,4.0,4.0,4041.0 ,6533400.0,21728.0,House for sale
5253,625000.0,2.0,2.0,1448.0 ,630000.0,2660.0,House for sale
5256,1299999.0,3.0,3.0,2129.0 ,1087700.0,4023.0,Coming soon
5258,1049000.0,1.0,2.0,758.0 ,918700.0,2910.0,House for sale
5259,598000.0,2.0,2.0,988.0 ,620148.0,2635.0,Townhouse for sale
5263,588000.0,2.0,2.0,832.0 ,581466.0,2589.0,Condo for sale
5265,2299000.0,5.0,4.0,6398.0 ,2299000.0,7620.0,House for sale
5270,302000.0,2.0,2.0,1792.0 ,305000.0,3499.0,Home for sale
5271,2599000.0,3.0,5.0,2566.0 ,2775252.0,5496.0,House for sale
5273,2425000.0,3.0,4.0,2347.0 ,2622865.0,5055.0,House for sale
5276,949000.0,3.0,5.0,3120.0 ,975700.0,4728.0,House for sale
5277,1099000.0,2.0,2.0,1558.0 ,1118800.0,4629.0,House for sale
5278,899000.0,2.0,2.0,988.0 ,1085500.0,2400.0,Condo for sale
5279,559900.0,2.0,2.0,1036.0 ,572469.0,2400.0,Condo for sale
5286,700000.0,2.0,3.0,1466.0 ,751219.0,3413.0,Condo for sale
5289,625000.0,2.0,3.0,1163.0 ,672700.0,2784.0,House for sale
5297,249000.0,2.0,2.0,1760.0 ,248200.0,3534.0,Home for sale
5301,3285000.0,4.0,4.0,3011.0 ,3262900.0,11042.0,House for sale
5302,1389888.0,3.0,4.0,1908.0 ,1257300.0,3999.0,House for sale
5303,1698000.0,2.0,3.0,1686.0 ,1682200.0,4450.0,House for sale
5306,729999.0,3.0,3.0,1314.0 ,771411.0,3249.0,Townhouse for sale
5311,518000.0,2.0,2.0,1223.0 ,526469.0,2791.0,Condo for sale
5318,829000.0,3.0,3.0,1348.0 ,861163.0,3300.0,Townhouse for sale
5324,285000.0,2.0,3.0,1469.0 ,285000.0,3779.0,Home for sale
5328,245000.0,2.0,3.0,1440.0 ,245000.0,3931.0,Home for sale
5329,569900.0,3.0,3.0,1485.0 ,708600.0,2981.0,Coming soon
5330,1180000.0,2.0,3.0,1118.0 ,1183900.0,3569.0,House for sale
5334,795000.0,2.0,2.0,1261.0 ,829696.0,3084.0,Condo for sale
5335,1575000.0,4.0,5.0,2052.0 ,1674693.0,4598.0,House for sale
5344,439000.0,1.0,1.0,672.0 ,456300.0,1959.0,Condo for sale
5346,655000.0,2.0,3.0,1014.0 ,656100.0,2996.0,House for sale
5349,2299800.0,4.0,4.0,2071.0 ,2467257.0,4500.0,House for sale
5352,319000.0,1.0,2.0,866.0 ,332600.0,1999.0,Coming soon
5354,974900.0,3.0,4.0,2000.0 ,1003900.0,4426.0,House for sale
5365,799999.0,2.0,2.0,1148.0 ,836483.0,2993.0,Condo for sale
5366,859000.0,3.0,4.0,1954.0 ,877501.0,4099.0,Townhouse for sale
5380,619000.0,2.0,3.0,1565.0 ,638100.0,2999.0,House for sale
5381,559900.0,2.0,2.0,904.0 ,573749.0,2443.0,Condo for sale
5386,1200000.0,2.0,3.0,1679.0 ,942700.0,3499.0,House for sale
5391,949900.0,2.0,2.0,1454.0 ,900900.0,3329.0,Coming soon
5392,819000.0,3.0,5.0,1955.0 ,520800.0,2999.0,House for sale
5400,1275000.0,1.0,2.0,1280.0 ,1335880.0,3178.0,House for sale
5403,3900000.0,5.0,5.0,4477.0 ,4107153.0,7180.0,House for sale
5410,179900.0,1.0,2.0,672.0 ,202000.0,2004.0,Home for sale
5419,2495000.0,3.0,4.0,2589.0 ,1786800.0,5281.0,House for sale
5420,705000.0,3.0,3.0,1606.0 ,736800.0,3063.0,House for sale
5423,1550000.0,4.0,5.0,2570.0 ,1640500.0,6351.0,Multi-family home for sale
5429,850000.0,2.0,3.0,1123.0 ,906065.0,3499.0,House for sale
5433,1425000.0,3.0,3.0,2488.0 ,1440800.0,5939.0,Condo for sale
5434,999900.0,2.0,3.0,1666.0 ,1013900.0,3595.0,House for sale
5435,825000.0,3.0,4.0,2389.0 ,841900.0,3800.0,Coming soon
5437,3129000.0,3.0,2.0,1775.0 ,3129000.0,7475.0,Townhouse for sale
5439,1679999.0,3.0,5.0,2184.0 ,1738500.0,4500.0,House for sale
5440,1675000.0,2.0,3.0,2080.0 ,1760400.0,4675.0,House for sale
5447,3974000.0,6.0,5.0,3700.0 ,3940400.0,10452.0,House for sale
5449,1250000.0,2.0,4.0,1817.0 ,1107700.0,3835.0,House for sale
5458,420000.0,1.0,2.0,798.0 ,430327.0,2232.0,Condo for sale
5459,1099000.0,1.0,2.0,870.0 ,1164939.0,3195.0,House for sale
5460,1189900.0,3.0,3.0,1628.0 ,1249156.0,3569.0,Townhouse for sale
5465,999900.0,3.0,3.0,1558.0 ,1008300.0,4717.0,Condo for sale
5468,674999.0,3.0,4.0,1696.0 ,689100.0,3055.0,House for sale
5469,1500000.0,4.0,3.0,2819.0 ,1650700.0,4440.0,House for sale
5474,799000.0,2.0,2.0,1460.0 ,831043.0,3234.0,Condo for sale
5475,437750.0,2.0,2.0,1440.0 ,437800.0,2984.0,Home for sale
5476,479999.0,2.0,3.0,1008.0 ,491300.0,3135.0,Condo for sale
5483,4200000.0,5.0,4.0,4450.0 ,4200000.0,11608.0,House for sale
5484,941000.0,2.0,3.0,1162.0 ,968600.0,3497.0,House for sale
5488,799000.0,2.0,2.0,1284.0 ,799006.0,3099.0,Condo for sale
5490,795000.0,3.0,3.0,1452.0 ,826400.0,3214.0,Condo for sale
5494,1250000.0,2.0,4.0,1636.0 ,1287300.0,3934.0,House for sale
5495,672500.0,2.0,2.0,1020.0 ,705106.0,2797.0,Condo for sale
5496,2650000.0,5.0,5.0,4817.0 ,2650000.0,8694.0,House for sale
5499,1999888.0,3.0,5.0,2681.0 ,2095120.0,4914.0,House for sale
5500,6195000.0,3.0,4.0,3170.0 ,6059600.0,17410.0,House for sale
5501,1650000.0,2.0,4.0,1740.0 ,829200.0,2199.0,House for sale
5504,1009000.0,2.0,3.0,1478.0 ,1047146.0,3614.0,House for sale
5507,599000.0,2.0,4.0,857.0 ,610800.0,2032.0,House for sale
5509,998500.0,3.0,3.0,1803.0 ,1079600.0,3800.0,Coming soon
5513,1295000.0,2.0,4.0,1435.0 ,1330300.0,4128.0,House for sale
5516,935000.0,1.0,3.0,1202.0 ,1091400.0,3329.0,House for sale
5524,1699000.0,3.0,3.0,1790.0 ,1845204.0,4400.0,Townhouse for sale
5525,479000.0,2.0,2.0,1642.0 ,575900.0,3200.0,House for sale
5526,796000.0,2.0,2.0,1229.0 ,828975.0,3027.0,Condo for sale
5528,1090000.0,3.0,3.0,1845.0 ,1088900.0,4235.0,House for sale
5529,749000.0,3.0,2.0,1105.0 ,786496.0,3054.0,Townhouse for sale
5532,259000.0,2.0,2.0,1344.0 ,224600.0,3499.0,Home for sale
5544,650000.0,3.0,4.0,1715.0 ,702800.0,3270.0,House for sale
5549,416000.0,1.0,1.0,650.0 ,437000.0,2499.0,Condo for sale
5551,130000.0,1.0,2.0,744.0 ,133700.0,1997.0,Home for sale
5554,3275000.0,4.0,4.0,2991.0 ,3275000.0,9967.0,House for sale
5556,2749000.0,3.0,4.0,2338.0 ,2793500.0,6340.0,House for sale
5566,929000.0,2.0,3.0,1931.0 ,935800.0,3162.0,House for sale
5568,525000.0,1.0,2.0,880.0 ,547195.0,2466.0,Condo for sale
5572,1888000.0,3.0,4.0,2613.0 ,1985195.0,4925.0,House for sale
5575,775000.0,2.0,3.0,1315.0 ,831400.0,3300.0,House for sale
5581,1249000.0,2.0,4.0,2051.0 ,923600.0,1952.0,House for sale
5583,1995000.0,3.0,4.0,2298.0 ,2066200.0,6632.0,House for sale
5588,2050000.0,4.0,3.0,2765.0 ,2201600.0,6998.0,Townhouse for sale
5594,515000.0,2.0,3.0,1039.0 ,525700.0,2988.0,Condo for sale
5596,27500000.0,4.0,6.0,2684.0 ,1115600.0,4595.0,House for sale
5598,1250000.0,4.0,4.0,2002.0 ,1336279.0,4376.0,Townhouse for sale
5600,570000.0,2.0,2.0,899.0 ,508300.0,2329.0,Condo for sale
5603,1298000.0,2.0,5.0,1910.0 ,1156000.0,4227.0,House for sale
5604,799000.0,2.0,3.0,1260.0 ,833739.0,2999.0,Condo for sale
5609,799000.0,2.0,3.0,1200.0 ,734100.0,3200.0,Coming soon
5615,999000.0,2.0,3.0,1173.0 ,1148000.0,3650.0,House for sale
5618,800000.0,3.0,2.0,1139.0 ,1179700.0,3384.0,Condo for sale
5620,1099000.0,3.0,4.0,2323.0 ,1132400.0,4778.0,House for sale
5622,329999.0,1.0,0.0,461.0 ,340400.0,1810.0,Condo for sale
5624,630000.0,2.0,3.0,989.0 ,569700.0,2684.0,Coming soon
5625,659000.0,2.0,2.0,1470.0 ,675800.0,3013.0,Condo for sale
5633,549000.0,2.0,2.0,1017.0 ,562400.0,2528.0,House for sale
5635,690000.0,2.0,2.0,1490.0 ,718749.0,3164.0,Condo for sale
5642,3500000.0,4.0,5.0,3615.0 ,3500000.0,11467.0,House for sale
5643,650000.0,2.0,4.0,1973.0 ,664400.0,3622.0,House for sale
5645,1699000.0,2.0,3.0,2004.0 ,1620400.0,4558.0,House for sale
5651,6995000.0,5.0,3.0,4682.0 ,6828100.0,22929.0,House for sale
5654,579000.0,2.0,3.0,1050.0 ,605900.0,2996.0,House for sale
5655,7899900.0,4.0,3.0,3200.0 ,7410500.0,25873.0,House for sale
5656,1395000.0,3.0,3.0,2275.0 ,1412300.0,4843.0,House for sale
5665,1625000.0,4.0,6.0,3466.0 ,1621500.0,7066.0,House for sale
5667,16900000.0,6.0,5.0,8175.0 ,16333300.0,18460.0,House for sale
5668,824000.0,2.0,3.0,1647.0 ,853600.0,3122.0,House for sale
5673,987900.0,3.0,3.0,1501.0 ,1041500.0,3298.0,Condo for sale
5674,673000.0,2.0,2.0,1409.0 ,687000.0,2929.0,House for sale
5675,975000.0,2.0,2.0,1141.0 ,961800.0,3327.0,House for sale
5680,1050000.0,2.0,3.0,1230.0 ,1089055.0,3399.0,Townhouse for sale
5681,374900.0,2.0,2.0,896.0 ,362800.0,1995.0,Townhouse for sale
5687,1279000.0,1.0,4.0,1140.0 ,1378444.0,3300.0,House for sale
5690,3795000.0,3.0,4.0,2953.0 ,3870700.0,12784.0,House for sale
5693,579000.0,2.0,3.0,1098.0 ,628700.0,2584.0,House for sale
5703,290000.0,2.0,2.0,991.0 ,304400.0,2134.0,Condo for sale
5719,419999.0,1.0,1.0,633.0 ,433600.0,2031.0,Condo for sale
5729,549900.0,2.0,2.0,1000.0 ,565500.0,2574.0,Condo for sale
5733,1499000.0,4.0,5.0,2285.0 ,1530900.0,5291.0,House for sale
5735,869900.0,2.0,4.0,1616.0 ,952700.0,3597.0,House for sale
5737,899000.0,2.0,3.0,947.0 ,811900.0,2910.0,House for sale
5749,689000.0,3.0,3.0,1437.0 ,677300.0,3181.0,House for sale
5750,748300.0,3.0,4.0,2400.0 ,821900.0,3668.0,Coming soon
5756,1275000.0,2.0,3.0,2003.0 ,1312000.0,3711.0,House for sale
5759,1800000.0,4.0,4.0,4184.0 ,1800011.0,7352.0,House for sale
5765,990000.0,3.0,5.0,2438.0 ,1008700.0,4257.0,House for sale
5771,2790000.0,4.0,4.0,3684.0 ,2882191.0,5851.0,House for sale
5772,1470000.0,3.0,5.0,2606.0 ,1598521.0,4870.0,House for sale
5774,3150000.0,3.0,4.0,3386.0 ,3150000.0,10614.0,House for sale
5777,1799800.0,3.0,5.0,2940.0 ,1965000.0,5028.0,House for sale
5780,498000.0,2.0,2.0,840.0 ,523000.0,2499.0,Condo for sale
5789,885000.0,2.0,3.0,1567.0 ,897800.0,3463.0,House for sale
5791,699000.0,1.0,3.0,935.0 ,724900.0,2949.0,House for sale
5799,480000.0,3.0,2.0,1219.0 ,470800.0,2497.0,Townhouse for sale
5800,665000.0,2.0,2.0,1781.0 ,673866.0,3416.0,Condo for sale
5801,1220000.0,3.0,4.0,1994.0 ,1297300.0,3800.0,House for sale
5805,214900.0,2.0,2.0,1080.0 ,220400.0,1856.0,Home for sale
5809,2149000.0,4.0,3.0,2288.0 ,2154385.0,4614.0,Condo for sale
5812,7295000.0,8.0,6.0,6644.0 ,13140900.0,43609.0,New construction
5814,2495000.0,2.0,2.0,1266.0 ,2408900.0,8144.0,Condo for sale
5816,1325000.0,3.0,4.0,2944.0 ,1361600.0,5969.0,House for sale
5817,949000.0,1.0,2.0,960.0 ,1008114.0,3234.0,House for sale
5821,449000.0,1.0,1.0,699.0 ,453200.0,2428.0,Condo for sale
5823,649000.0,2.0,2.0,910.0 ,669300.0,3494.0,Condo for sale
5825,170000.0,1.0,1.0,516.0 ,171500.0,2424.0,Home for sale
5830,550000.0,2.0,2.0,1153.0 ,606600.0,3266.0,Condo for sale
5833,499900.0,2.0,3.0,1540.0 ,498100.0,3521.0,Home for sale
5834,775000.0,3.0,2.0,1721.0 ,806200.0,3200.0,Townhouse for sale
5835,199900.0,2.0,2.0,1683.0 ,207500.0,3226.0,Home for sale
5844,669900.0,2.0,3.0,1424.0 ,678100.0,2799.0,House for sale
5845,1599900.0,2.0,3.0,1380.0 ,1646000.0,5602.0,Multi-family home for sale
5847,789000.0,2.0,4.0,1727.0 ,793900.0,3200.0,House for sale
5851,1999888.0,3.0,7.0,2655.0 ,2048239.0,5799.0,House for sale
5852,1075000.0,3.0,4.0,2028.0 ,1099700.0,4528.0,House for sale
5857,1575000.0,3.0,4.0,2542.0 ,1585300.0,4500.0,House for sale
5871,839000.0,1.0,2.0,816.0 ,884200.0,2910.0,House for sale
5879,2859000.0,5.0,4.0,5947.0 ,2860400.0,9577.0,House for sale
5880,835000.0,3.0,3.0,1906.0 ,859500.0,3556.0,Townhouse for sale
5881,235000.0,2.0,2.0,1100.0 ,248000.0,2882.0,Home for sale
5888,850000.0,3.0,2.0,1860.0 ,858569.0,3668.0,Condo for sale
5889,1350000.0,3.0,5.0,1800.0 ,985100.0,3497.0,House for sale
